Transect,PlotC,PlotR,PlotCGraph,PlotR1,Depth,Depth Segment,Sample ID1,Sample ID2,Bag Wt,WetWtWBag,WetWt,DryWtWBag,DryWt,Seg.Vol.cm3,Core.Area.cm2,Moisture.perc,BD.g.cm3,Crucible.ID,Crucible.Wt,PreWt,Post.Wt wC,PostWt,OM.perc,Tcperc,TOCperc,TICperc,TOC.g.cm3,TC.seg,TOC.seg,TCkg.seg,TOCkg.seg,TCkg/m2,TOC/kg/m2,Sample ID1
CJ1,-8,-8,-8,-8,0-15,A,CJ1.-8,CJ1.-8.A,2.75,202.45,199.7,145.1,142.35,277.5,18.5,28.71807712,1.538918919,C71,13.606,1.997,15.551,1.945,2.603905859,0.606,0.367,0.239,0.564783243,2.587923,1.5672735,0.002587923,0.001567274,1.398877192,0.847174801,CJ1.-8
CJ1,-8,-8,-8,-8,15-30,B,CJ1.-8,CJ1.-8.B,2.71,231.86,229.15,165.09,162.38,277.5,18.5,29.13811914,1.755459459,C16,14.002,1.999,15.935,1.933,3.301650825,0.781,0.717,0.064,1.258664432,3.8045634,3.4927938,0.003804563,0.003492794,2.056520603,1.887996507,CJ1.-8
CJ1,-8,-8,-8,-8,30-50,C,CJ1.-8,CJ1.-8.C,2.74,210.76,208.02,147.97,145.23,370,18.5,30.18459763,1.570054054,,,,,,,3.131,2.105,1.026,3.304963784,18.1886052,12.228366,0.018188605,0.012228366,9.831677749,6.609927072,CJ1.-8
CJ1,-8,-8,-8,-8,50-100,D,CJ1.-8,CJ1.-8.D,2.72,152.67,149.95,88.1,85.38,925,18.5,43.06102034,0.923027027,,,,,,,2.403,2.359,0.044,2.177420757,20.516814,20.141142,0.020516814,0.020141142,11.0901689,10.88710297,CJ1.-8
CJ1,-4,-4,-4,-4,0-15,A,CJ1.-4,CJ1.-4.A,2.67,209.41,206.74,155.03,152.36,277.5,18.5,26.3035697,1.647135135,C17,15.528,1.998,17.487,1.959,1.951951952,0.672,0.282,0.39,0.464492108,3.0715776,1.2889656,0.003071578,0.001288966,1.660312092,0.69673811,CJ1.-4
CJ1,-4,-4,-4,-4,15-30,B,CJ1.-4,CJ1.-4.B,2.68,215.89,213.21,159.1,156.42,277.5,18.5,26.63571127,1.691027027,C12,14.879,2.004,16.845,1.966,1.896207585,1.063,0.514,0.549,0.869187892,4.9882338,2.4119964,0.004988234,0.002411996,2.696342392,1.30378174,CJ1.-4
CJ1,-4,-4,-4,-4,30-50,C,CJ1.-4,CJ1.-4.C,2.7,237.56,234.86,162.27,159.57,370,18.5,32.0573959,1.725081081,,,,,,,1.557,0.409,1.148,0.705558162,9.9380196,2.6105652,0.00993802,0.002610565,5.371902084,1.411116218,CJ1.-4
CJ1,-4,-4,-4,-4,50-100,D,CJ1.-4,CJ1.-4.D,2.77,148.9,146.13,80.77,78,925,18.5,46.62287005,0.843243243,,,,,,,2.636,2.31,0.326,1.947891891,20.5608,18.018,0.0205608,0.018018,11.11394511,9.739458729,CJ1.-4
CJ1,-2,-2,-2,-2,0-15,A,CJ1.-2,CJ1.-2.A,2.71,195.95,193.24,141.64,138.93,277.5,18.5,28.10494722,1.501945946,C27,14.323,1.999,16.273,1.95,2.451225613,0.415,0.566,-0.151,0.850101405,1.7296785,2.3590314,0.001729679,0.002359031,0.934961281,1.275152012,CJ1.-2
CJ1,-2,-2,-2,-2,15-30,B,CJ1.-2,CJ1.-2.B,2.8,225.65,222.85,163.86,161.06,277.5,18.5,27.72717074,1.741189189,C139,14.874,2.001,16.83,1.956,2.248875562,0.403,0.224,0.179,0.390026378,1.9472154,1.0823232,0.001947215,0.001082323,1.052548786,0.585039524,CJ1.-2
CJ1,-2,-2,-2,-2,30-50,C,CJ1.-2,CJ1.-2.C,2.71,209.37,206.66,140.01,137.3,370,18.5,33.56237298,1.484324324,,,,,,,2.145,0.255,1.89,0.378502703,11.78034,1.40046,0.01178034,0.00140046,6.367750874,0.757005349,CJ1.-2
CJ1,-2,-2,-2,-2,50-100,D,CJ1.-2,CJ1.-2.D,2.81,131.12,128.31,72.8,69.99,925,18.5,45.45241992,0.756648649,,,,,,,3.046,2.52,0.526,1.906754595,21.318954,17.63748,0.021318954,0.01763748,11.52375805,9.533772258,CJ1.-2
CJ1,-1,-1,-1,-1,0-15,A,CJ1.-1,CJ1.-1.A,2.79,,,,,277.5,18.5,,,C60,15.751,2.003,17.679,1.928,3.744383425,0.724,0.541,0.183,0,,,,,,,CJ1.-1
CJ1,-1,-1,-1,-1,15-30,B,CJ1.-1,CJ1.-1.B,2.71,216.57,213.86,132.39,129.68,277.5,18.5,39.36219957,1.401945946,C14,14.434,1.997,16.369,1.935,3.104656985,1.01,0.652,0.358,0.914068757,3.929304,2.5365408,0.003929304,0.002536541,2.123947949,1.371103032,CJ1.-1
CJ1,-1,-1,-1,-1,30-50,C,CJ1.-1,CJ1.-1.C,2.71,199.67,196.96,132.87,130.16,370,18.5,33.91551584,1.407135135,,,,,,,1.813,0.28,1.533,0.393997838,9.4392032,1.457792,0.009439203,0.001457792,5.102271617,0.787995617,CJ1.-1
CJ1,-1,-1,-1,-1,50-100,D,CJ1.-1,CJ1.-1.D,2.81,153.32,150.51,85.5,82.69,925,18.5,45.0601289,0.893945946,,,,,,,3.425,2.794,0.631,2.497684973,28.321325,23.103586,0.028321325,0.023103586,15.30882318,12.48842393,CJ1.-1
CJ1,0,0,0,0,0-15,A,CJ1.0,CJ1.0.A,2.85,191.19,188.34,132.09,129.24,277.5,18.5,31.3794202,1.397189189,C9,15.645,2,17.553,1.908,4.6,0.728,0.616,0.112,0.86066854,2.8226016,2.3883552,0.002822602,0.002388355,1.52573048,1.291002714,CJ1.0
CJ1,0,0,0,0,15-30,B,CJ1.0,CJ1.0.B,2.86,209.84,206.98,150.87,148.01,277.5,18.5,28.49067543,1.600108108,C70,15.299,2.002,17.226,1.927,3.746253746,0.541,0.435,0.106,0.696047027,2.4022023,1.9315305,0.002402202,0.001931531,1.298487632,1.044070462,CJ1.0
CJ1,0,0,0,0,30-50,C,CJ1.0,CJ1.0.C,2.74,176.13,173.39,119.12,116.38,370,18.5,32.8796355,1.258162162,,,,,,,2.979,1.543,1.436,1.941344216,13.8678408,7.1829736,0.013867841,0.007182974,7.4961296,3.882688141,CJ1.0
CJ1,0,0,0,0,50-100,D,CJ1.0,CJ1.0.D,2.81,163.87,161.06,91.28,88.47,925,18.5,45.07016019,0.956432432,,,,,,,3.42,2.268,1.152,2.169188756,30.25674,20.064996,0.03025674,0.020064996,16.35499337,10.84594297,CJ1.0
CJ1,1,1,1,1,0-15,A,CJ1.1,CJ1.1.A,2.65,192.85,190.2,138.85,136.2,277.5,18.5,28.39116719,1.472432432,C61,14.813,2.001,16.755,1.942,2.948525737,2.32,0.401,1.919,0.590445405,9.47952,1.638486,0.00947952,0.001638486,5.124064481,0.885668042,CJ1.1
CJ1,1,1,1,1,15-30,B,CJ1.1,CJ1.1.B,2.75,213.48,210.73,153.12,150.37,277.5,18.5,28.64328762,1.625621622,C56,15.594,2.003,17.547,1.953,2.496255617,0.664,0.271,0.393,0.44054346,2.9953704,1.2225081,0.00299537,0.001222508,1.619119014,0.66081514,CJ1.1
CJ1,1,1,1,1,30-50,C,CJ1.1,CJ1.1.C,2.74,220.16,217.42,135.89,133.15,370,18.5,38.7590838,1.439459459,,,,,,,1.964,1.621,0.343,2.333363783,10.460264,8.633446,0.010460264,0.008633446,5.654196333,4.666727218,CJ1.1
CJ1,1,1,1,1,50-100,D,CJ1.1,CJ1.1.D,2.77,136.78,134.01,75.73,72.96,925,18.5,45.55630177,0.788756757,,,,,,,2.035,0.561,1.474,0.442492541,14.84736,4.093056,0.01484736,0.004093056,8.025599398,2.212462537,CJ1.1
CJ1,2,2,2,2,0-15,A,CJ1.2,CJ1.2.A,2.73,190.53,187.8,136.78,134.05,277.5,18.5,28.62087327,1.449189189,C51,15.526,2,17.477,1.951,2.45,30.374,0.402,29.972,0.582574054,122.149041,1.616643,0.122149041,0.001616643,66.0265037,0.873861016,CJ1.2
CJ1,2,2,2,2,15-30,B,CJ1.2,CJ1.2.B,2.81,230.91,228.1,167.9,165.09,277.5,18.5,27.62384919,1.784756757,C52,16.102,1.996,18.051,1.949,2.354709419,0.428,0.384,0.044,0.685346595,2.1197556,1.9018368,0.002119756,0.001901837,1.145813752,1.028019815,CJ1.2
CJ1,2,2,2,2,30-50,C,CJ1.2,CJ1.2.C,2.79,215.6,212.81,131.45,128.66,370,18.5,39.54231474,1.390918919,,,,,,,2.362,1.887,0.475,2.624664,12.1557968,9.7112568,0.012155797,0.009711257,6.57070048,5.249327606,CJ1.2
CJ1,2,2,2,2,50-100,D,CJ1.2,CJ1.2.D,2.76,157.89,155.13,88.42,85.66,925,18.5,44.78179591,0.926054054,,,,,,,2.443,2.214,0.229,2.050283676,20.926738,18.965124,0.020926738,0.018965124,11.31174942,10.25141761,CJ1.2
CJ1,4,4,4,4,0-15,A,CJ1.4,CJ1.4.A,2.78,183.73,180.95,131.32,128.54,277.5,18.5,28.96380216,1.389621622,C58,14.247,1.996,16.167,1.92,3.80761523,,,,0,,,,,,,CJ1.4
CJ1,4,4,4,4,15-30,B,CJ1.4,CJ1.4.B,2.78,214.63,211.85,150.1,147.32,277.5,18.5,30.4602313,1.592648649,C10,12.997,1.999,14.924,1.927,3.6018009,2.109,0.539,1.57,0.858437622,9.3209364,2.3821644,0.009320936,0.002382164,5.038343622,1.287656336,CJ1.4
CJ1,4,4,4,4,30-50,C,CJ1.4,CJ1.4.C,2.79,226.81,224.02,145.6,142.81,370,18.5,36.25122757,1.543891892,,,,,,,1.653,0.714,0.939,1.102338811,9.4425972,4.0786536,0.009442597,0.004078654,5.104106212,2.204677456,CJ1.4
CJ1,4,4,4,4,50-100,D,CJ1.4,CJ1.4.D,2.72,154.9,152.18,88.06,85.34,925,18.5,43.9216717,0.922594595,,,,,,,0.609,2.439,-1.83,2.250208217,5.197206,20.814426,0.005197206,0.020814426,2.80930033,11.25104024,CJ1.4
CJ1,8,8,8,8,0-15,A,CJ1.8,CJ1.8.A,2.82,169.1,166.28,101.98,99.16,277.5,18.5,40.3656483,1.072,C20,14.784,2.002,16.676,1.892,5.494505495,,,,0,,,,,,,CJ1.8
CJ1,8,8,8,8,15-30,B,CJ1.8,CJ1.8.B,2.83,226.57,223.74,170.09,167.26,277.5,18.5,25.24358631,1.808216216,C16,14.59,2.003,16.523,1.933,3.494757863,0.655,0.508,0.147,0.918573838,3.286659,2.5490424,0.003286659,0.002549042,1.776572299,1.377860653,CJ1.8
CJ1,8,8,8,8,30-50,C,CJ1.8,CJ1.8.C,2.71,258.21,255.5,162.95,160.24,370,18.5,37.28375734,1.732324324,,,,,,,1.807,1.748,0.059,3.028102918,11.5821472,11.2039808,0.011582147,0.011203981,6.260619639,6.056205384,CJ1.8
CJ1,8,8,8,8,50-100,D,CJ1.8,CJ1.8.D,2.77,155.25,152.48,87.04,84.27,925,18.5,44.73373557,0.911027027,,,,,,,2.901,1.993,0.908,1.815676865,24.446727,16.795011,0.024446727,0.016795011,13.21444604,9.078383643,CJ1.8
CJ1,E-,-26,-16,neg end,0-15,A,CJ1.-26,CJ1.-26.A,2.73,196.36,193.63,148.03,145.3,277.5,18.5,24.95997521,1.570810811,C14,14.434,2.004,16.411,1.977,1.347305389,0.628,0.279,0.349,0.438256216,2.737452,1.216161,0.002737452,0.001216161,1.479703673,0.657384275,CJ1.-26
CJ1,E-,-26,-16,neg end,15-30,B,CJ1.-26,CJ1.-26.B,2.78,180.35,177.57,138.99,136.21,277.5,18.5,23.29222279,1.472540541,11,15.466,2.004,17.438,1.972,1.596806387,0.646,0.607,0.039,0.893832108,2.6397498,2.4803841,0.00263975,0.002480384,1.426891677,1.340748062,CJ1.-26
CJ1,E-,-26,-16,neg end,30-50,C,CJ1.-26,CJ1.-26.C,2.73,214.19,211.46,149.13,146.4,370,18.5,30.76704814,1.582702703,,,,,,,2.964,0.721,2.243,1.141128649,17.357184,4.222176,0.017357184,0.004222176,9.382260918,2.282257126,CJ1.-26
CJ1,E-,-26,-16,neg end,50-100,D,CJ1.-26,CJ1.-26.D,2.76,155.75,152.99,83.33,80.57,925,18.5,47.33642722,0.871027027,,,,,,,3.292,0.382,2.91,0.332732324,26.523644,3.077774,0.026523644,0.003077774,14.33710379,1.663661497,CJ1.-26
CJ2,-8,-8,-8,-8,0-15,A,CJ2.-8,CJ2.-8.A,2.74,159.87,157.13,104.05,101.31,277.5,18.5,35.52472475,1.095243243,C139,14.874,2.004,16.804,1.93,3.69261477,0.835,0.856,-0.021,0.937528216,2.5378155,2.6016408,0.002537816,0.002601641,1.371792059,1.406292219,CJ2.-8
CJ2,-8,-8,-8,-8,15-30,B,CJ2.-8,CJ2.-8.B,2.72,187.11,184.39,137.74,135.02,277.5,18.5,26.77477087,1.459675676,C20,14.786,1.996,16.734,1.948,2.404809619,0.66,1.293,-0.633,1.887360649,2.673396,5.2374258,0.002673396,0.005237426,1.445078811,2.831040761,CJ2.-8
CJ2,-8,-8,-8,-8,30-50,C,CJ2.-8,CJ2.-8.C,2.72,159.43,156.71,92.64,89.92,370,18.5,42.62012635,0.972108108,,,,,,,0.983,0.759,0.224,0.737830054,3.5356544,2.7299712,0.003535654,0.002729971,1.911164397,1.475659997,CJ2.-8
CJ2,-8,-8,-8,-8,50-100,D,CJ2.-8,CJ2.-8.D,2.7,149.61,146.91,82.65,79.95,925,18.5,45.57892587,0.864324324,,,,,,,3.051,2.278,0.773,1.96893081,24.392745,18.21261,0.024392745,0.01821261,13.18526658,9.844653316,CJ2.-8
CJ2,-4,-4,-4,-4,0-15,A,CJ2.-4,CJ2.-4.A,2.71,175.16,172.45,124.24,121.53,277.5,18.5,29.52739925,1.313837838,11,15.466,1.999,17.409,1.943,2.8014007,0.578,0.436,0.142,0.572833297,2.1073302,1.5896124,0.00210733,0.001589612,1.13909732,0.859249882,CJ2.-4
CJ2,-4,-4,-4,-4,15-30,B,CJ2.-4,CJ2.-4.B,2.71,171.45,168.74,124.99,122.28,277.5,18.5,27.53348347,1.321945946,C60,15.751,2.005,17.67,1.919,4.289276808,2.185,0.639,1.546,0.844723459,8.015454,2.3441076,0.008015454,0.002344108,4.332677513,1.267085094,CJ2.-4
CJ2,-4,-4,-4,-4,30-50,C,CJ2.-4,CJ2.-4.C,2.72,177.52,174.8,101.14,98.42,370,18.5,43.69565217,1.064,,,,,,,2.331,1.892,0.439,2.013088,9.1766808,7.4484256,0.009176681,0.007448426,4.960367628,4.026175698,CJ2.-4
CJ2,-4,-4,-4,-4,50-100,D,CJ2.-4,CJ2.-4.D,2.76,178.38,175.62,98.33,95.57,925,18.5,45.58136886,1.033189189,,,,,,,2.836,0.583,2.253,0.602349297,27.103652,5.571731,0.027103652,0.005571731,14.6506216,3.011746261,CJ2.-4
CJ2,-2,-2,-2,-2,0-15,A,CJ2.-2,CJ2.-2.A,2.69,174.24,171.55,129.16,126.47,277.5,18.5,26.27805305,1.367243243,C8,14.928,1.995,16.863,1.935,3.007518797,2.908,1.813,1.095,2.478812,11.0332428,6.8787033,0.011033243,0.006878703,5.96391458,3.718217721,CJ2.-2
CJ2,-2,-2,-2,-2,15-30,B,CJ2.-2,CJ2.-2.B,2.68,195.98,193.3,146.44,143.76,277.5,18.5,25.62855665,1.554162162,C4,15.128,2.002,17.056,1.928,3.696303696,0.711,0.777,-0.066,1.207584,3.0664008,3.3510456,0.003066401,0.003351046,1.657513822,1.811375864,CJ2.-2
CJ2,-2,-2,-2,-2,30-50,C,CJ2.-2,CJ2.-2.C,2.74,154.67,151.93,85.37,82.63,370,18.5,45.6131113,0.893297297,,,,,,,3.53,3.342,0.188,2.985399567,11.667356,11.0459784,0.011667356,0.011045978,6.306678446,5.970798687,CJ2.-2
CJ2,-2,-2,-2,-2,50-100,D,CJ2.-2,CJ2.-2.D,2.76,151.71,148.95,82.54,79.78,925,18.5,46.43840215,0.862486486,,,,,,,2.84,2.151,0.689,1.855208431,22.65752,17.160678,0.02265752,0.017160678,12.24730719,9.276041466,CJ2.-2
CJ2,-1,-1,-1,-1,0-15,A,CJ2.-1,CJ2.-1.A,2.73,165.41,162.68,118.17,115.44,277.5,18.5,29.03860339,1.248,C70A,15.473,1.997,17.434,1.961,1.802704056,0.249,0.241,0.008,0.300768,0.8623368,0.8346312,0.000862337,0.000834631,0.466127965,0.451151966,CJ2.-1
CJ2,-1,-1,-1,-1,15-30,B,CJ2.-1,CJ2.-1.B,2.79,193.24,190.45,120.12,117.33,277.5,18.5,38.39327908,1.268432432,C58,14.248,2.001,16.189,1.941,2.99850075,0.837,0.554,0.283,0.702711567,2.9461563,1.9500246,0.002946156,0.001950025,1.592516799,1.054067272,CJ2.-1
CJ2,-1,-1,-1,-1,30-50,C,CJ2.-1,CJ2.-1.C,2.76,186,183.24,111.11,108.35,370,18.5,40.8698974,1.171351351,,,,,,,3.346,3.267,0.079,3.826804864,14.501564,14.159178,0.014501564,0.014159178,7.838682655,7.653609156,CJ2.-1
CJ2,-1,-1,-1,-1,50-100,D,CJ2.-1,CJ2.-1.D,2.69,159.96,157.27,87.95,85.26,925,18.5,45.78749921,0.92172973,,,,,,,2.734,1.955,0.779,1.801981622,23.310084,16.66833,0.023310084,0.01666833,12.60004446,9.009907432,CJ2.-1
CJ2,0,0,0,0,0-15,A,CJ2.0,CJ2.0.A,2.74,145.77,143.03,103.3,100.56,277.5,18.5,29.69307138,1.087135135,C27,14.323,2.005,16.271,1.948,2.842892768,0.715,0.659,0.056,0.716422054,2.157012,1.9880712,0.002157012,0.001988071,1.165952345,1.074633,CJ2.0
CJ2,0,0,0,0,15-30,B,CJ2.0,CJ2.0.B,2.68,188.57,185.89,138.28,135.6,277.5,18.5,27.05363387,1.465945946,C16,14.001,2,15.94,1.939,3.05,1.31,0.62,0.69,0.908886487,5.32908,2.52216,0.00532908,0.00252216,2.880583568,1.363329627,CJ2.0
CJ2,0,0,0,0,30-50,C,CJ2.0,CJ2.0.C,2.69,196.88,194.19,112.8,110.11,370,18.5,43.29780112,1.190378378,,,,,,,2.137,2.077,0.06,2.472415891,9.4122028,9.1479388,0.009412203,0.009147939,5.087676808,4.944831413,CJ2.0
CJ2,0,0,0,0,50-100,D,CJ2.0,CJ2.0.D,2.68,153.55,150.87,83.35,80.67,925,18.5,46.53012527,0.872108108,,,,,,,3.069,2.646,0.423,2.307598054,24.757623,21.345282,0.024757623,0.021345282,13.38249792,11.5379894,CJ2.0
CJ2,1,1,1,1,0-15,A,CJ2.1,CJ2.1.A,2.68,164.06,161.38,114.01,111.33,277.5,18.5,31.01375635,1.203567568,C57,15.766,2.002,17.688,1.922,3.996003996,0.96,0.627,0.333,0.754636865,3.206304,2.0941173,0.003206304,0.002094117,1.733137167,1.131955212,CJ2.1
CJ2,1,1,1,1,15-30,B,CJ2.1,CJ2.1.B,2.71,189.5,186.79,136,133.29,277.5,18.5,28.64179025,1.440972973,C70,15.298,1.999,17.223,1.925,3.701850925,0.816,0.011,0.805,0.015850703,3.2629392,0.0439857,0.003262939,4.40E-05,1.763750787,0.023776052,CJ2.1
CJ2,1,1,1,1,30-50,C,CJ2.1,CJ2.1.C,2.77,173.58,170.81,101.67,98.9,370,18.5,42.0994087,1.069189189,,,,,,,1.153,2.686,-1.533,2.871842162,4.561268,10.625816,0.004561268,0.010625816,2.465550085,5.743683894,CJ2.1
CJ2,1,1,1,1,50-100,D,CJ2.1,CJ2.1.D,2.77,163,160.23,92.68,89.91,925,18.5,43.88691256,0.972,,,,,,,3.025,2.422,0.603,2.354184,27.197775,21.776202,0.027197775,0.021776202,14.7014989,11.77091912,CJ2.1
CJ2,2,2,2,2,0-15,A,CJ2.2,CJ2.2.A,2.72,172.36,169.64,122.65,119.93,277.5,18.5,29.30323037,1.296540541,C54,15.668,2.001,17.5,1.832,8.445777111,0.642,0.489,0.153,0.634008325,2.3098518,1.7593731,0.002309852,0.001759373,1.248568447,0.951012415,CJ2.2
CJ2,2,2,2,2,15-30,B,CJ2.2,CJ2.2.B,2.73,188.14,185.41,141.28,138.55,277.5,18.5,25.27371771,1.497837838,C12,14.879,1.998,16.836,1.957,2.052052052,0.526,0.403,0.123,0.603628649,2.186319,1.6750695,0.002186319,0.00167507,1.181793965,0.905442905,CJ2.2
CJ2,2,2,2,2,30-50,C,CJ2.2,CJ2.2.C,2.75,166.72,163.97,106.14,103.39,370,18.5,36.94578277,1.11772973,,,,,,,2.027,1.327,0.7,1.483227352,8.3828612,5.4879412,0.008382861,0.005487941,4.531275984,2.96645448,CJ2.2
CJ2,2,2,2,2,50-100,D,CJ2.2,CJ2.2.D,2.73,127.16,124.43,72.57,69.84,925,18.5,43.87205658,0.755027027,,,,,,,3.219,1.592,1.627,1.202003027,22.481496,11.118528,0.022481496,0.011118528,12.15215909,6.010014684,CJ2.2
CJ2,4,4,4,4,0-15,A,CJ2.4,CJ2.4.A,2.8,212.43,209.63,156.89,154.09,277.5,18.5,26.49429948,1.665837838,C5,13.932,1.996,15.881,1.949,2.354709419,0.382,0.376,0.006,0.626355027,1.7658714,1.7381352,0.001765871,0.001738135,0.954525009,0.93953247,CJ2.4
CJ2,4,4,4,4,15-30,B,CJ2.4,CJ2.4.B,2.77,223.48,220.71,156.42,153.65,277.5,18.5,30.3837615,1.661081081,C25,14.181,1.998,16.102,1.921,3.853853854,1.07,0.777,0.293,1.29066,4.932165,3.5815815,0.004932165,0.003581582,2.666034935,1.935989855,CJ2.4
CJ2,4,4,4,4,30-50,C,CJ2.4,CJ2.4.C,2.74,205.82,203.08,145.88,143.14,370,18.5,29.51546189,1.547459459,,,,,,,2.112,0.011,2.101,0.017022054,12.0924672,0.0629816,0.012092467,6.30E-05,6.536468267,0.034044106,CJ2.4
CJ2,4,4,4,4,50-100,D,CJ2.4,CJ2.4.D,2.79,143.26,140.47,80.29,77.5,925,18.5,44.82807717,0.837837838,,,,,,,2.817,2.129,0.688,1.783756757,21.83175,16.49975,0.02183175,0.01649975,11.80094506,8.918783115,CJ2.4
CJ2,8,8,8,8,0-15,A,CJ2.8,CJ2.8.A,2.74,220.24,217.5,159.57,156.83,277.5,18.5,27.89425287,1.695459459,C19,14.487,1.995,16.429,1.942,2.656641604,1.07,0.563,0.507,0.954543675,5.034243,2.6488587,0.005034243,0.002648859,2.721212228,1.431815406,CJ2.8
CJ2,8,8,8,8,15-30,B,CJ2.8,CJ2.8.B,2.75,236.14,233.39,163.37,160.62,277.5,18.5,31.17957068,1.736432432,C10,12.997,1.997,14.901,1.904,4.656985478,0.878,0.694,0.184,1.205084108,4.2307308,3.3441084,0.004230731,0.003344108,2.286881342,1.807626027,CJ2.8
CJ2,8,8,8,8,30-50,C,CJ2.8,CJ2.8.C,2.74,226.09,223.35,133.21,130.47,370,18.5,41.58495635,1.410486486,,,,,,,2.25,1.97,0.28,2.778658377,11.7423,10.281036,0.0117423,0.010281036,6.347188713,5.55731634,CJ2.8
CJ2,8,8,8,8,50-100,D,CJ2.8,CJ2.8.D,2.7,142.82,140.12,80.41,77.71,925,18.5,44.54039395,0.840108108,,,,,,,2.449,2.003,0.446,1.68273654,19.031179,15.565313,0.019031179,0.015565313,10.28712301,8.413682072,CJ2.8
CJ2,E-,-38,-16,neg end,0-15,A,CJ2.-38,CJ2.-38.A,2.74,152.05,149.31,99.33,96.59,277.5,18.5,35.30908847,1.044216216,C28,13.958,2.003,15.908,1.95,2.646030954,1.959,0.539,1.42,0.56283254,5.6765943,1.5618603,0.005676594,0.00156186,3.068429121,0.844248747,CJ2.-38
CJ2,E-,-38,-16,neg end,15-30,B,CJ2.-38,CJ2.-38.B,2.73,196.42,193.69,143.26,140.53,277.5,18.5,27.44591874,1.519243243,C6,14.591,1.997,16.546,1.955,2.103154732,1.96,0.413,1.547,0.627447459,8.263164,1.7411667,0.008263164,0.001741167,4.4665748,0.941171119,CJ2.-38
CJ2,E-,-38,-16,neg end,30-50,C,CJ2.-38,CJ2.-38.C,2.76,143.78,141.02,83.3,80.54,370,18.5,42.88753368,0.870702703,,,,,,,2.323,0.525,1.798,0.457118919,7.4837768,1.69134,0.007483777,0.00169134,4.045284453,0.914237769,CJ2.-38
CJ2,E-,-38,-16,neg end,50-100,D,CJ2.-38,CJ2.-38.D,2.85,148.93,146.08,81.46,78.61,925,18.5,46.18702081,0.849837838,,,,,,,1.593,1.101,0.492,0.93567146,12.522573,8.654961,0.012522573,0.008654961,6.768957871,4.678356946,CJ2.-38
CJ2,E,26,16,pos end,0-15,A,CJ2.26,CJ2.26.A,2.76,163.21,160.45,119.05,116.29,277.5,18.5,27.52259271,1.257189189,C5,13.932,2.004,15.906,1.974,1.497005988,,,,0,,,,,,,CJ2.26
CJ2,E,26,16,pos end,15-30,B,CJ2.26,CJ2.26.B,2.68,169.86,167.18,110.94,108.26,277.5,18.5,35.24345017,1.170378378,C4,15.128,2.001,17.034,1.906,4.747626187,1.259,1.098,0.161,1.285075459,4.0889802,3.5660844,0.00408898,0.003566084,2.210259402,1.927613045,CJ2.26
CJ2,E,26,16,pos end,30-50,C,CJ2.26,CJ2.26.C,2.79,164.83,162.04,90.25,87.46,370,18.5,46.02567267,0.945513514,,,,,,,3.138,2.476,0.662,2.341091461,10.9779792,8.6620384,0.010977979,0.008662038,5.934042366,4.682182568,CJ2.26
CJ2,E,26,16,pos end,50-100,D,CJ2.26,CJ2.26.D,2.8,153.97,151.17,83.05,80.25,925,18.5,46.91407025,0.867567568,,,,,,,3.019,2.306,0.713,2.000610812,24.227475,18.50565,0.024227475,0.01850565,13.09593145,10.0030533,CJ2.26
CJ3,-8,-8,-8,-8,0-15,A,CJ3.-8,CJ3.-8.A,2.73,146.34,143.61,111.03,108.3,277.5,18.5,24.58742427,1.170810811,C14,14.434,2.002,16.404,1.97,1.598401598,,,,0,,,,,,,CJ3.-8
CJ3,-8,-8,-8,-8,15-30,B,CJ3.-8,CJ3.-8.B,2.77,163.29,160.52,125.08,122.31,277.5,18.5,23.80388737,1.32227027,C7,14.636,2.002,16.594,1.958,2.197802198,1.354,0.99,0.364,1.309047567,4.9682322,3.632607,0.004968232,0.003632607,2.685530718,1.963571204,CJ3.-8
CJ3,-8,-8,-8,-8,30-50,C,CJ3.-8,CJ3.-8.C,2.74,173.36,170.62,122.84,120.1,370,18.5,29.60965889,1.298378378,,,,,,,1.161,0.417,0.744,0.541423784,5.577444,2.003268,0.005577444,0.002003268,3.014834368,1.082847486,CJ3.-8
CJ3,-8,-8,-8,-8,50-100,D,CJ3.-8,CJ3.-8.D,2.69,180.49,177.8,118.76,116.07,925,18.5,34.71878515,1.254810811,,,,,,,1.85,1.748,0.102,2.193409298,21.47295,20.289036,0.02147295,0.020289036,11.60699913,10.96704566,CJ3.-8
CJ3,-4,-4,-4,-4,0-15,A,CJ3.-4,CJ3.-4.A,2.64,166.98,164.34,122.43,119.79,277.5,18.5,27.10843373,1.295027027,C52,16.102,2,18.067,1.965,1.75,0.52,0.231,0.289,0.299151243,1.868724,0.8301447,0.001868724,0.000830145,1.010121005,0.448726831,CJ3.-4
CJ3,-4,-4,-4,-4,15-30,B,CJ3.-4,CJ3.-4.B,2.66,163.34,160.68,123.74,121.08,277.5,18.5,24.64525765,1.308972973,59,16.161,1.999,18.123,1.962,1.850925463,1.282,0.36,0.922,0.47123027,4.6567368,1.307664,0.004656737,0.001307664,2.517154838,0.706845352,CJ3.-4
CJ3,-4,-4,-4,-4,30-50,C,CJ3.-4,CJ3.-4.C,2.73,166.17,163.44,116.66,113.93,370,18.5,30.29246207,1.231675676,,,,,,,1.089,1.006,0.083,1.23906573,4.9627908,4.5845432,0.004962791,0.004584543,2.68258942,2.478131274,CJ3.-4
CJ3,-4,-4,-4,-4,50-100,D,CJ3.-4,CJ3.-4.D,2.78,162.85,160.07,113.5,110.72,925,18.5,30.83026176,1.196972973,,,,,,,2.343,0.217,2.126,0.259743135,25.941696,2.402624,0.025941696,0.002402624,14.02253733,1.298715578,CJ3.-4
CJ3,-2,-2,-2,-2,0-15,A,CJ3.-2,CJ3.-2.A,2.76,174.87,172.11,129.18,126.42,277.5,18.5,26.54697577,1.366702703,56,15.594,1.995,17.557,1.963,1.604010025,0.215,1.041,-0.826,1.422737514,0.815409,3.9480966,0.000815409,0.003948097,0.440761589,2.13410611,CJ3.-2
CJ3,-2,-2,-2,-2,15-30,B,CJ3.-2,CJ3.-2.B,2.68,190.12,187.44,141.8,139.12,277.5,18.5,25.77891592,1.504,C9,15.645,2,17.605,1.96,2,0.226,0.338,-0.112,0.508352,0.9432336,1.4106768,0.000943234,0.001410677,0.509855962,0.762527943,CJ3.-2
CJ3,-2,-2,-2,-2,30-50,C,CJ3.-2,CJ3.-2.C,2.75,165.69,162.94,115.27,112.52,370,18.5,30.94390573,1.216432432,,,,,,,1.339,1.093,0.246,1.329560648,6.0265712,4.9193744,0.006026571,0.004919374,3.25760581,2.659121098,CJ3.-2
CJ3,-2,-2,-2,-2,50-100,D,CJ3.-2,CJ3.-2.D,2.78,174.99,172.21,122.43,119.65,925,18.5,30.52087568,1.293513514,,,,,,,2.059,1.331,0.728,1.721666487,24.635935,15.925415,0.024635935,0.015925415,13.31672062,8.608331787,CJ3.-2
CJ3,-1,-1,-1,-1,0-15,A,CJ3.-1,CJ3.-1.A,2.69,175.99,173.3,130.95,128.26,277.5,18.5,25.98961339,1.386594595,C61,14.813,2,16.772,1.959,2.05,0.851,0.284,0.567,0.393792865,3.2744778,1.0927752,0.003274478,0.001092775,1.769987867,0.590689253,CJ3.-1
CJ3,-1,-1,-1,-1,15-30,B,CJ3.-1,CJ3.-1.B,2.72,148.97,146.25,108.39,105.67,277.5,18.5,27.74700855,1.142378378,C51,15.526,1.999,17.46,1.934,3.251625813,0.849,0.288,0.561,0.329004973,2.6914149,0.9129888,0.002691415,0.000912989,1.454818756,0.493507422,CJ3.-1
CJ3,-1,-1,-1,-1,30-50,C,CJ3.-1,CJ3.-1.C,2.67,201.95,199.28,141.31,138.64,370,18.5,30.42954637,1.498810811,,,,,,,2.837,1.631,1.206,2.444560433,15.7328672,9.0448736,0.015732867,0.009044874,8.504251903,4.889120498,CJ3.-1
CJ3,-1,-1,-1,-1,50-100,D,CJ3.-1,CJ3.-1.D,2.67,179.32,176.65,120.93,118.26,925,18.5,33.0540617,1.278486486,,,,,,,1.077,0.548,0.529,0.700610594,12.736602,6.480648,0.012736602,0.006480648,6.884649213,3.50305271,CJ3.-1
CJ3,0,0,0,0,0-15,A,CJ3.0,CJ3.0.A,2.79,178.03,175.24,132.69,129.9,277.5,18.5,25.87308834,1.404324324,C70,15.473,1.995,17.442,1.969,1.303258145,1.306,0.191,1.115,0.268225946,5.089482,0.744327,0.005089482,0.000744327,2.751071145,0.402338889,CJ3.0
CJ3,0,0,0,0,15-30,B,CJ3.0,CJ3.0.B,2.8,126.55,123.75,74.92,72.12,277.5,18.5,41.72121212,0.779675676,C28,13.958,2.003,15.813,1.855,7.388916625,0.243,0.101,0.142,0.078747243,0.5257548,0.2185236,0.000525755,0.000218524,0.284191762,0.118120856,CJ3.0
CJ3,0,0,0,0,30-50,C,CJ3.0,CJ3.0.C,2.79,156.21,153.42,112.77,109.98,370,18.5,28.31443097,1.188972973,,,,,,,1.444,0.901,0.543,1.071264649,6.3524448,3.9636792,0.006352445,0.003963679,3.433753688,2.142529137,CJ3.0
CJ3,0,0,0,0,50-100,D,CJ3.0,CJ3.0.D,2.72,177.24,174.52,127.18,124.46,925,18.5,28.68439147,1.345513514,,,,,,,1.614,0.359,1.255,0.483039352,20.087844,4.468114,0.020087844,0.004468114,10.85829324,2.415196576,CJ3.0
CJ3,1,1,1,1,0-15,A,CJ3.1,CJ3.1.A,2.77,,-2.77,138.52,135.75,277.5,18.5,5000.722022,1.467567568,C57,15.765,1.996,17.734,1.969,1.352705411,0.272,0.151,0.121,0.221602703,1.10772,0.6149475,0.00110772,0.000614948,0.598767523,0.332404029,CJ3.1
CJ3,1,1,1,1,15-30,B,CJ3.1,CJ3.1.B,2.74,169.33,166.59,115.06,112.32,277.5,18.5,32.57698541,1.21427027,59,16.161,2,18.047,1.886,5.7,0.812,0.009,0.803,0.010928432,2.7361152,0.0303264,0.002736115,3.03E-05,1.478981078,0.016392647,CJ3.1
CJ3,1,1,1,1,30-50,C,CJ3.1,CJ3.1.C,2.76,179.32,176.56,127.99,125.23,370,18.5,29.07227005,1.353837838,,,,,,,1.468,0.222,1.246,0.300552,7.3535056,1.1120424,0.007353506,0.001112042,3.974867594,0.601103955,CJ3.1
CJ3,1,1,1,1,50-100,D,CJ3.1,CJ3.1.D,2.69,188.57,185.88,131.34,128.65,925,18.5,30.78868087,1.390810811,,,,,,,2.125,,,0,27.338125,0,0.027338125,0,14.77736376,0,CJ3.1
CJ3,2,2,2,2,0-15,A,CJ3.2,CJ3.2.A,2.66,161.86,159.2,120.25,117.59,277.5,18.5,26.13693467,1.271243243,C6,14.59,1.996,16.567,1.977,0.951903808,2.659,0.108,2.551,0.13729427,9.3801543,0.3809916,0.009380154,0.000380992,5.070353295,0.20594139,CJ3.2
CJ3,2,2,2,2,15-30,B,CJ3.2,CJ3.2.B,2.66,176.77,174.11,133.55,130.89,277.5,18.5,24.82338751,1.415027027,C19,14.487,2.005,16.474,1.987,0.897755611,1.047,0.157,0.89,0.222159243,4.1112549,0.6164919,0.004111255,0.000616492,2.222299779,0.33323884,CJ3.2
CJ3,2,2,2,2,30-50,C,CJ3.2,CJ3.2.C,2.69,163.28,160.59,116.59,113.9,370,18.5,29.07403948,1.231351351,,,,,,,1.207,0.902,0.305,1.110678919,5.499092,4.109512,0.005499092,0.004109512,2.972481939,2.221357671,CJ3.2
CJ3,2,2,2,2,50-100,D,CJ3.2,CJ3.2.D,2.69,145.58,142.89,97.07,94.38,925,18.5,33.94919169,1.020324324,,,,,,,2.38,1.837,0.543,1.874335783,22.46244,17.337606,0.02246244,0.017337606,12.14185855,9.371678216,CJ3.2
CJ3,4,4,4,4,0-15,A,CJ3.4,CJ3.4.A,2.73,159.8,157.07,121.19,118.46,277.5,18.5,24.58139683,1.280648649,C16,14.001,2,15.988,1.987,0.65,0.091,0.082,0.009,0.105013189,0.3233958,0.2914116,0.000323396,0.000291412,0.174808527,0.157519772,CJ3.4
CJ3,4,4,4,4,15-30,B,CJ3.4,CJ3.4.B,2.79,170.99,168.2,128.62,125.83,277.5,18.5,25.1902497,1.360324324,C139,14.873,2.004,16.846,1.973,1.546906188,1.013,0.263,0.75,0.357765297,3.8239737,0.9927987,0.003823974,0.000992799,2.067012656,0.536647906,CJ3.4
CJ3,4,4,4,4,30-50,C,CJ3.4,CJ3.4.C,2.75,172.63,169.88,125.97,123.22,370,18.5,27.4664469,1.332108108,,,,,,,2.297,1.085,1.212,1.445337297,11.3214536,5.347748,0.011321454,0.005347748,6.11970419,2.890674378,CJ3.4
CJ3,4,4,4,4,50-100,D,CJ3.4,CJ3.4.D,2.7,170.18,167.48,120.8,118.1,925,18.5,29.48411751,1.276756757,,,,,,,1.84,1.078,0.762,1.376343784,21.7304,12.73118,0.0217304,0.01273118,11.74616128,6.881718403,CJ3.4
CJ3,8,8,8,8,0-15,A,CJ3.8,CJ3.8.A,2.7,161.07,158.37,121.96,119.26,277.5,18.5,24.69533371,1.289297297,C17,15.526,2.004,17.519,1.993,0.548902196,0.099,0.095,0.004,0.122483243,0.3542022,0.339891,0.000354202,0.000339891,0.191460634,0.183724851,CJ3.8
CJ3,8,8,8,8,15-30,B,CJ3.8,CJ3.8.B,2.68,156.18,153.5,119.79,117.11,277.5,18.5,23.70684039,1.266054054,C5,13.931,1.996,15.912,1.981,0.751503006,1.125,0.404,0.721,0.511485838,3.9524625,1.4193732,0.003952463,0.001419373,2.136466056,0.767228699,CJ3.8
CJ3,8,8,8,8,30-50,C,CJ3.8,CJ3.8.C,2.73,170.08,167.35,122.45,119.72,370,18.5,28.46130863,1.29427027,,,,,,,1.202,0.897,0.305,1.160960432,5.7561376,4.2955536,0.005756138,0.004295554,3.111425496,2.321920691,CJ3.8
CJ3,8,8,8,8,50-100,D,CJ3.8,CJ3.8.D,2.75,171.01,168.26,117.83,115.08,925,18.5,31.60584809,1.244108108,,,,,,,2.515,1.133,1.382,1.409574486,28.94262,13.038564,0.02894262,0.013038564,15.64465829,7.047871904,CJ3.8
CJ3,E-,-20,-16,neg end,0-15,A,CJ3.-20,CJ3.-20.A,2.76,175.55,172.79,131,128.24,277.5,18.5,25.78274206,1.386378378,C17,15.528,1.999,17.491,1.963,1.80090045,1.475,1.28,0.195,1.774564324,5.67462,4.924416,0.00567462,0.004924416,3.067361932,2.661846287,CJ3.-20
CJ3,E-,-20,-16,neg end,15-30,B,CJ3.-20,CJ3.-20.B,2.71,190.72,188.01,143.95,141.24,277.5,18.5,24.87633637,1.526918919,C71,13.606,2,15.564,1.958,2.1,0.972,0.296,0.676,0.451968,4.1185584,1.2542112,0.004118558,0.001254211,2.226247617,0.677951949,CJ3.-20
CJ3,E-,-20,-16,neg end,30-50,C,CJ3.-20,CJ3.-20.C,2.78,168.91,166.13,118.21,115.43,370,18.5,30.51826883,1.247891892,,,,,,,0.401,0.215,0.186,0.268296757,1.8514972,0.992698,0.001851497,0.000992698,1.000809222,0.536593473,CJ3.-20
CJ3,E-,-20,-16,neg end,50-100,D,CJ3.-20,CJ3.-20.D,2.74,162.03,159.29,103.88,101.14,925,18.5,36.50574424,1.093405405,,,,,,,0.413,0.436,-0.023,0.476724757,4.177082,4.409704,0.004177082,0.004409704,2.257881993,2.383623605,CJ3.-20
PU1,-8,-8,-8,-8,0-15,A,PU1.-8,PU1.-8.A,2.69,150.76,148.07,52.23,49.54,277.5,18.5,66.54285135,0.535567568,C20,14.785,1.996,15.939,1.154,42.18436874,11.236,10.493,0.743,5.619710491,16.6989432,15.5946966,0.016698943,0.015594697,9.026455107,8.429565098,PU1.-8
PU1,-8,-8,-8,-8,15-30,B,PU1.-8,PU1.-8.B,2.72,116.56,113.84,41.37,38.65,277.5,18.5,66.04884048,0.417837838,C12,14.879,1.995,15.951,1.072,46.26566416,18.45,16.273,2.177,6.799475138,21.392775,18.8685435,0.021392775,0.018868544,11.56366129,10.19921194,PU1.-8
PU1,-8,-8,-8,-8,30-50,C,PU1.-8,PU1.-8.C,2.72,125.94,123.22,44.39,41.67,370,18.5,66.18243792,0.450486486,C53,14.603,2.004,16.359,1.756,12.3752495,11.128,10.171,0.957,4.581898049,18.5481504,16.9530228,0.01854815,0.016953023,10.02602649,9.163795421,PU1.-8
PU1,-8,-8,-8,-8,50-100,D,PU1.-8,PU1.-8.D,2.75,110.33,107.58,43.65,40.9,925,18.5,61.981781,0.442162162,C13 ,14.462,2.002,16.229,1.767,11.73826174,11.406,9.379,2.027,4.147038917,46.65054,38.36011,0.04665054,0.03836011,25.21650622,20.73519304,PU1.-8
PU1,-4,-4,-4,-4,0-15,A,PU1.-4,PU1.-4.A,2.74,116.8,114.06,35.16,32.42,277.5,18.5,71.57636332,0.350486486,C56,15.594,1.998,17.011,1.417,29.07907908,11.454,9.419,2.035,3.301232212,11.1401604,9.1609194,0.01114016,0.009160919,6.021707873,4.951847953,PU1.-4
PU1,-4,-4,-4,-4,15-30,B,PU1.-4,PU1.-4.B,2.76,119.03,116.27,45.28,42.52,277.5,18.5,63.42994754,0.459675676,C57,15.764,2.003,17.186,1.422,29.00649026,11.3,9.887,1.413,4.544813409,14.41428,12.6118572,0.01441428,0.012611857,7.791502118,6.817219597,PU1.-4
PU1,-4,-4,-4,-4,30-50,C,PU1.-4,PU1.-4.C,2.7,122,119.3,48.91,46.21,370,18.5,61.26571668,0.499567568,C21,14.356,2.004,15.77,1.414,29.44111776,11.846,10.211,1.635,5.101084437,21.8961464,18.8740124,0.021896146,0.018874012,11.83575392,10.2021681,PU1.-4
PU1,-4,-4,-4,-4,50-100,D,PU1.-4,PU1.-4.D,2.72,117.09,114.37,47.93,45.21,925,18.5,60.47040308,0.488756757,C23,12.958,2.001,14.544,1.586,20.73963018,11.369,9.907,1.462,4.842113192,51.399249,44.789547,0.051399249,0.044789547,27.78337575,24.21056413,PU1.-4
PU1,-2,-2,-2,-2,0-15,A,PU1.-2,PU1.-2.A,2.74,109.73,106.99,40.22,37.48,277.5,18.5,64.96868866,0.405189189,C8,14.928,1.996,16.438,1.51,24.34869739,7.308,7.639,-0.331,3.095240215,8.2171152,8.5892916,0.008217115,0.008589292,4.441683559,4.642859976,PU1.-2
PU1,-2,-2,-2,-2,15-30,B,PU1.-2,PU1.-2.B,2.67,128.41,125.74,53.53,50.86,277.5,18.5,59.55145538,0.549837838,C28,13.957,2.001,15.532,1.575,21.28935532,7.008,6.165,0.843,3.389750271,10.6928064,9.406557,0.010692806,0.009406557,5.779894918,5.084625024,PU1.-2
PU1,-2,-2,-2,-2,30-50,C,PU1.-2,PU1.-2.C,2.72,115.45,112.73,41.49,38.77,370,18.5,65.60809013,0.419135135,C70,15.299,1.995,16.765,1.466,26.51629073,9.972,8.524,1.448,3.572707891,15.4645776,13.2190192,0.015464578,0.013219019,8.359230508,7.145415248,PU1.-2
PU1,-2,-2,-2,-2,50-100,D,PU1.-2,PU1.-2.D,2.67,143.48,140.81,77.84,75.17,925,18.5,46.61600739,0.812648649,C16,14.001,2,15.756,1.755,12.25,2.61,2.68,-0.07,2.177898379,19.61937,20.14556,0.01961937,0.02014556,10.60506407,10.88949108,PU1.-2
PU1,-1,-1,-1,-1,0-15,A,PU1.-1,PU1.-1.A,2.71,94.85,92.14,30.42,27.71,277.5,18.5,69.92619926,0.299567568,C60,15.751,2.003,17.281,1.53,23.61457813,8.271,7.006,1.265,2.098770381,6.8756823,5.8240878,0.006875682,0.005824088,3.716584748,3.148155331,PU1.-1
PU1,-1,-1,-1,-1,15-30,B,PU1.-1,PU1.-1.B,2.65,108.51,105.86,39.81,37.16,277.5,18.5,64.89703382,0.40172973,C61,14.813,1.995,16.335,1.522,23.70927318,8.042,7.073,0.969,2.84143438,8.9652216,7.8849804,0.008965222,0.00788498,4.846065366,4.262151248,PU1.-1
PU1,-1,-1,-1,-1,30-50,C,PU1.-1,PU1.-1.C,2.66,123,120.34,55.82,53.16,370,18.5,55.82516204,0.574702703,C5,15.593,2.005,15.528,-0.065,103.2418953,6.351,6.954,-0.603,3.996482597,13.5047664,14.7869856,0.013504766,0.014786986,7.299873182,7.99296459,PU1.-1
PU1,-1,-1,-1,-1,50-100,D,PU1.-1,PU1.-1.D,2.7,125.73,123.03,52.53,49.83,925,18.5,59.49768349,0.538702703,C57,15.765,1.998,17.342,1.577,21.07107107,8.155,6.926,1.229,3.731054921,40.636365,34.512258,0.040636365,0.034512258,21.96560106,18.6552732,PU1.-1
PU1,0,0,0,0,0-15,A,PU1.0,PU1.0.A,2.71,106.74,104.03,36.75,34.04,277.5,18.5,67.27866961,0.368,C54,15.667,2.001,17.258,1.591,20.48975512,7.452,6.662,0.79,2.451616,7.6099824,6.8032344,0.007609982,0.006803234,4.113503691,3.677423724,PU1.0
PU1,0,0,0,0,15-30,B,PU1.0,PU1.0.B,2.74,,-2.74,37.08,34.34,277.5,18.5,1353.284672,0.371243243,C19,14.488,2.002,15.931,1.443,27.92207792,12.788,9.523,3.265,3.535349403,13.1741976,9.8105946,0.013174198,0.009810595,7.121187358,5.30302371,PU1.0
PU1,0,0,0,0,30-50,C,PU1.0,PU1.0.C,2.63,142.96,140.33,71.63,69,370,18.5,50.83018599,0.745945946,C70A,15.473,1.999,17.201,1.728,13.55677839,3.045,3.092,-0.047,2.306464865,8.4042,8.53392,0.0084042,0.00853392,4.54281047,4.612929384,PU1.0
PU1,0,0,0,0,50-100,D,PU1.0,PU1.0.D,2.64,141.5,138.86,73.55,70.91,925,18.5,48.93417831,0.766594595,C6,14.813,1.998,16.387,1.574,21.22122122,1.875,1.774,0.101,1.359938812,13.295625,12.579434,0.013295625,0.012579434,7.186823785,6.799693544,PU1.0
PU1,1,1,1,1,0-15,A,PU1.1,PU1.1.A,2.66,109.85,107.19,39.87,37.21,277.5,18.5,65.28594085,0.40227027,C139,14.873,2,15.93,1.057,47.15,18.882,14.927,3.955,6.00468832,21.0779766,16.6630101,0.021077977,0.01666301,11.39350001,9.007031811,PU1.1
PU1,1,1,1,1,15-30,B,PU1.1,PU1.1.B,2.68,124.4,121.72,50.77,48.09,277.5,18.5,60.49129149,0.519891892,C70,15.299,1.999,16.671,1.372,31.36568284,10.975,13.305,-2.33,6.917161623,15.8336325,19.1951235,0.015833633,0.019195124,8.558719628,10.37574165,PU1.1
PU1,1,1,1,1,30-50,C,PU1.1,PU1.1.C,2.69,128.87,126.18,53.68,50.99,370,18.5,59.58947535,0.551243243,C12,14.879,2.002,16.408,1.529,23.62637363,8.89,,,0,18.132044,0,0.018132044,0,9.80110413,0,PU1.1
PU1,1,1,1,1,50-100,D,PU1.1,PU1.1.D,2.68,137.87,135.19,71.51,68.83,925,18.5,49.08647089,0.744108108,C61,14.813,1.995,16.563,1.75,12.28070175,2.203,1.593,0.61,1.185364216,15.163249,10.964619,0.015163249,0.010964619,8.196350196,5.926820637,PU1.1
PU1,2,2,2,2,0-15,A,PU1.2,PU1.2.A,2.68,111.42,108.74,40.18,37.5,277.5,18.5,65.51407026,0.405405405,C6,14.588,2,16.107,1.519,24.05,9.653,9.089,0.564,3.684729726,10.859625,10.225125,0.010859625,0.010225125,5.870067127,5.52709418,PU1.2
PU1,2,2,2,2,15-30,B,PU1.2,PU1.2.B,2.69,114.8,112.11,45.4,42.71,277.5,18.5,61.90348765,0.46172973,C16,14.001,2.001,15.491,1.49,25.53723138,11.114,11.001,0.113,5.07948876,14.2403682,14.0955813,0.014240368,0.014095581,7.697495747,7.619232564,PU1.2
PU1,2,2,2,2,30-50,C,PU1.2,PU1.2.C,2.65,131.58,128.93,61.95,59.3,370,18.5,54.00604979,0.641081081,C10,12.997,2,14.651,1.654,17.3,6.16,5.604,0.556,3.592618378,14.61152,13.292688,0.01461152,0.013292688,7.898118327,7.185236218,PU1.2
PU1,2,2,2,2,50-100,D,PU1.2,PU1.2.D,2.65,142.03,139.38,74.34,71.69,925,18.5,48.5650739,0.775027027,59,16.161,2.004,17.934,1.773,11.52694611,2.403,1.922,0.481,1.489601946,17.227107,13.778818,0.017227107,0.013778818,9.311949031,7.448009171,PU1.2
PU1,4,4,4,4,0-15,A,PU1.4,PU1.4.A,2.69,125.21,122.52,49.99,47.3,277.5,18.5,61.39405811,0.511351351,C54,15.668,1.999,17.12,1.452,27.36368184,10.958,9.604,1.354,4.911018375,15.549402,13.628076,0.015549402,0.013628076,8.405081532,7.366527015,PU1.4
PU1,4,4,4,4,15-30,B,PU1.4,PU1.4.B,2.67,122.04,119.37,47.54,44.87,277.5,18.5,62.41099104,0.485081081,C25,14.18,1.996,15.619,1.439,27.90581162,12.191,10.715,1.476,5.197643783,16.4103051,14.4234615,0.016410305,0.014423462,8.870434524,7.796465091,PU1.4
PU1,4,4,4,4,30-50,C,PU1.4,PU1.4.C,2.68,124.04,121.36,48.26,45.58,370,18.5,62.44232037,0.492756757,C8,14.928,1.999,16.404,1.476,26.16308154,10.535,9.043,1.492,4.455999354,19.207412,16.4871976,0.019207412,0.016487198,10.38238409,8.911998034,PU1.4
PU1,4,4,4,4,50-100,D,PU1.4,PU1.4.D,2.69,147.84,145.15,79.15,76.46,925,18.5,47.32345849,0.826594595,C54,15.668,1.999,17.451,1.783,10.8054027,2.529,2.02,0.509,1.669721082,19.336734,15.44492,0.019336734,0.01544492,10.45228786,8.348604779,PU1.4
PU1,8,8,8,8,0-15,A,PU1.8,PU1.8.A,2.69,112.4,109.71,42.55,39.86,277.5,18.5,63.66785161,0.430918919,C58,14.247,1.997,15.705,1.458,26.99048573,10.954,9.046,1.908,3.898092541,13.0987932,10.8172068,0.013098793,0.010817207,7.080428226,5.847138372,PU1.8
PU1,8,8,8,8,15-30,B,PU1.8,PU1.8.B,2.66,115.4,112.74,48.93,46.27,277.5,18.5,58.95866596,0.500216216,59,16.16,2.005,17.646,1.486,25.88528678,10.199,9.206,0.993,4.604990484,14.1572319,12.7788486,0.014157232,0.012778849,7.65255721,6.907485212,PU1.8
PU1,8,8,8,8,30-50,C,PU1.8,PU1.8.C,2.69,147.5,144.81,57.39,54.7,370,18.5,62.22636558,0.591351351,C51,15.526,2.004,17.053,1.527,23.80239521,8.487,7.461,1.026,4.41207243,18.569556,16.324668,0.018569556,0.016324668,10.03759709,8.824144203,PU1.8
PU1,8,8,8,8,50-100,D,PU1.8,PU1.8.D,2.72,189.55,186.83,88.59,85.87,925,18.5,54.03843066,0.928324324,C58,14.247,1.997,15.866,1.619,18.92839259,5.079,3.675,1.404,3.411591891,43.613373,31.557225,0.043613373,0.031557225,23.57479445,17.05795818,PU1.8
PU1,E-,-16,-16,neg end,0-15,A,PU1.-16,PU1.-16.A,2.68,122.38,119.7,47.74,45.06,277.5,18.5,62.35588972,0.487135135,11,15.465,2.004,16.841,1.376,31.33732535,15.337,10.493,4.844,5.111508972,20.7325566,14.1844374,0.020732557,0.014184437,11.20678651,7.667262884,PU1.-16
PU1,E-,-16,-16,neg end,15-30,B,PU1.-16,PU1.-16.B,2.8,93.84,91.04,31.87,29.07,277.5,18.5,68.06898067,0.31427027,59,16.16,2.001,17.503,1.343,32.88355822,13.558,13.092,0.466,4.114426375,11.8239318,11.4175332,0.011823932,0.011417533,6.391314007,6.171639105,PU1.-16
PU1,E-,-16,-16,neg end,30-50,C,PU1.-16,PU1.-16.C,2.74,127.8,125.06,49.34,46.6,370,18.5,62.73788581,0.503783784,11,15.466,2.003,17.131,1.665,16.87468797,11.919,11.019,0.9,5.551193516,22.217016,20.539416,0.022217016,0.020539416,12.00919694,11.10238619,PU1.-16
PU1,E-,-16,-16,neg end,50-100,D,PU1.-16,PU1.-16.D,2.72,141.42,138.7,66.88,64.16,925,18.5,53.74188897,0.693621622,C2,15.46,2.005,17.309,1.849,7.780548628,5.924,5.576,0.348,3.867634164,38.008384,35.775616,0.038008384,0.035775616,20.54507089,19.33816936,PU1.-16
PU1,E,22,16,pos end,0-15,A,PU1.22,PU1.22.A,2.73,111.09,108.36,37.9,35.17,277.5,18.5,67.54337394,0.380216216,C10,12.997,1.999,14.39,1.393,30.31515758,14.249,14.453,-0.204,5.49526497,15.0341199,15.2493603,0.01503412,0.01524936,8.126550688,8.242896841,PU1.22
PU1,E,22,16,pos end,15-30,B,PU1.22,PU1.22.B,2.69,107.81,105.12,36.48,33.79,277.5,18.5,67.85578387,0.365297297,11,15.466,2.001,16.83,1.364,31.83408296,12.841,11.163,1.678,4.077813726,13.0169217,11.3159331,0.013016922,0.011315933,7.036173364,6.116720136,PU1.22
PU1,E,22,16,pos end,30-50,C,PU1.22,PU1.22.C,2.72,114.21,111.49,40.15,37.43,370,18.5,66.42748229,0.404648649,C7,14.635,1.999,16.178,1.543,22.8114057,11.39,8.895,2.495,3.599349733,17.053108,13.317594,0.017053108,0.013317594,9.217895525,7.19869892,PU1.22
PU1,E,22,16,pos end,50-100,D,PU1.22,PU1.22.D,2.68,126.73,124.05,52.51,49.83,925,18.5,59.83071342,0.538702703,C55,14.68,1.996,16.224,1.544,22.64529058,7.432,7.188,0.244,3.872195029,37.033656,35.817804,0.037033656,0.035817804,20.01819093,19.36097368,PU1.22
PU2,-8,-8,-8,-8,0-15,A,PU2.-8,PU2.-8.A,2.76,117.48,114.72,38.68,35.92,277.5,18.5,68.68898187,0.388324324,C7,14.635,1.996,15.902,1.267,36.52304609,14.579,13.51,1.069,5.246261617,15.7103304,14.558376,0.01571033,0.014558376,8.49206985,7.869391842,PU2.-8
PU2,-8,-8,-8,-8,15-30,B,PU2.-8,PU2.-8.B,2.77,132.95,130.18,48.78,46.01,277.5,18.5,64.65662928,0.497405405,C70A,15.473,2.002,16.9,1.427,28.72127872,11.615,9.712,1.903,4.830801293,16.0321845,13.4054736,0.016032185,0.013405474,8.666045026,7.246201402,PU2.-8
PU2,-8,-8,-8,-8,30-50,C,PU2.-8,PU2.-8.C,2.73,132.42,129.69,50.98,48.25,370,18.5,62.79589791,0.521621622,C71,13.605,1.999,15.062,1.457,27.11355678,10.692,11.05,-0.358,5.763918923,20.63556,21.3265,0.02063556,0.0213265,11.15435592,11.52783697,PU2.-8
PU2,-8,-8,-8,-8,50-100,D,PU2.-8,PU2.-8.D,2.75,134.86,132.11,49.74,46.99,925,18.5,64.43115585,0.508,C139,14.874,2.001,16.263,1.389,30.58470765,10.318,9.56,0.758,4.85648,48.484282,44.92244,0.048484282,0.04492244,26.20771803,24.28239818,PU2.-8
PU2,-4,-4,-4,-4,0-15,A,PU2.-4,PU2.-4.A,2.64,92.84,90.2,29.63,26.99,277.5,18.5,70.07760532,0.291783784,C51,15.527,1.997,16.856,1.329,33.45017526,12.512,10.938,1.574,3.191531029,10.1309664,8.8564986,0.010130966,0.008856499,5.476197643,4.787296181,PU2.-4
PU2,-4,-4,-4,-4,15-30,B,PU2.-4,PU2.-4.B,2.71,119.99,117.28,41.5,38.79,277.5,18.5,66.92530696,0.419351351,C71,13.606,2.003,14.974,1.368,31.70244633,13.016,11.157,1.859,4.678703023,15.1467192,12.9834009,0.015146719,0.012983401,8.18741517,7.018054014,PU2.-4
PU2,-4,-4,-4,-4,30-50,C,PU2.-4,PU2.-4.C,2.68,115.54,112.86,43.37,40.69,370,18.5,63.94648237,0.439891892,C52,16.103,1.997,17.562,1.459,26.94041062,10.237,9.423,0.814,4.145101298,16.6617412,15.3368748,0.016661741,0.015336875,9.006345919,8.290201973,PU2.-4
PU2,-4,-4,-4,-4,50-100,D,PU2.-4,PU2.-4.D,2.72,137.34,134.62,54.97,52.25,925,18.5,61.18704502,0.564864865,C9,15.645,1.997,17.156,1.511,24.33650476,9.242,7.28,1.962,4.112216217,48.28945,38.038,0.04828945,0.038038,26.10240345,20.56107954,PU2.-4
PU2,-2,-2,-2,-2,0-15,A,PU2.-2,PU2.-2.A,2.72,97.49,94.77,28.56,25.84,277.5,18.5,72.73398755,0.279351351,C4,15.128,2.004,16.473,1.345,32.88423154,13.258,10.421,2.837,2.911120429,10.2776016,8.0783592,0.010277602,0.008078359,5.555459908,4.366680321,PU2.-2
PU2,-2,-2,-2,-2,15-30,B,PU2.-2,PU2.-2.B,2.73,121.83,119.1,39.96,37.23,277.5,18.5,68.74055416,0.402486486,C9,15.645,1.997,17.115,1.47,26.38958438,11.282,7.411,3.871,2.982827348,12.6008658,8.2773459,0.012600866,0.008277346,6.8112783,4.474240691,PU2.-2
PU2,-2,-2,-2,-2,30-50,C,PU2.-2,PU2.-2.C,2.72,122.94,120.22,42.5,39.78,370,18.5,66.91066378,0.430054054,C60,15.751,2.004,17.071,1.32,34.13173653,16.292,13.079,3.213,5.624676972,25.9238304,20.8113048,0.02592383,0.020811305,14.01288025,11.2493531,PU2.-2
PU2,-2,-2,-2,-2,50-100,D,PU2.-2,PU2.-2.D,2.69,120.44,117.75,46.86,44.17,925,18.5,62.48832272,0.477513514,C28,13.958,2.003,15.448,1.49,25.61158263,10.424,10.234,0.19,4.886873302,46.042808,45.203578,0.046042808,0.045203578,24.88800246,24.43436465,PU2.-2
PU2,-1,-1,-1,-1,0-15,A,PU2.-1,PU2.-1.A,2.67,115.5,112.83,40.77,38.1,277.5,18.5,66.232385,0.411891892,C17,15.528,1.998,16.983,1.455,27.17717718,14.087,11.498,2.589,4.735932974,16.101441,13.142214,0.016101441,0.013142214,8.703480969,7.103898927,PU2.-1
PU2,-1,-1,-1,-1,15-30,B,PU2.-1,PU2.-1.B,2.75,114.46,111.71,38.17,35.42,277.5,18.5,68.29290126,0.382918919,C5,13.932,2.005,15.266,1.334,33.46633416,13.292,11.785,1.507,4.51269946,14.1240792,12.522741,0.014124079,0.012522741,7.634636833,6.769048682,PU2.-1
PU2,-1,-1,-1,-1,30-50,C,PU2.-1,PU2.-1.C,2.72,136.75,134.03,46.02,43.3,370,18.5,67.6937999,0.468108108,C56,15.594,1.996,16.842,1.248,37.4749499,15.067,13.215,1.852,6.186048647,26.096044,22.88838,0.026096044,0.02288838,14.10596867,12.37209637,PU2.-1
PU2,-1,-1,-1,-1,50-100,D,PU2.-1,PU2.-1.D,2.65,152.18,149.53,58.04,55.39,925,18.5,62.9572661,0.598810811,C27,14.323,2.003,15.694,1.371,31.55267099,11.676,7.847,3.829,4.698868434,64.673364,43.464533,0.064673364,0.043464533,34.95857251,23.4943404,PU2.-1
PU2,0,0,0,0,0-15,A,PU2.0,PU2.0.A,2.69,128.89,126.2,44.66,41.97,277.5,18.5,66.74326466,0.45372973,C10,12.998,2,14.362,1.364,31.8,12.68,10.871,1.809,4.932495895,15.965388,13.6876761,0.015965388,0.013687676,8.629938812,7.398743283,PU2.0
PU2,0,0,0,0,15-30,B,PU2.0,PU2.0.B,2.62,124.64,122.02,40.04,37.42,277.5,18.5,69.33289625,0.404540541,C25,14.18,1.995,15.428,1.248,37.44360902,14.078,12.559,1.519,5.080624654,15.8039628,14.0987334,0.015803963,0.014098733,8.542681954,7.620936401,PU2.0
PU2,0,0,0,0,30-50,C,PU2.0,PU2.0.C,2.63,127.42,124.79,42.75,40.12,370,18.5,67.84998798,0.43372973,C14,14.434,2,15.709,1.275,36.25,14.659,14.706,-0.047,6.378429409,23.5247632,23.6001888,0.023524763,0.023600189,12.71608726,12.75685785,PU2.0
PU2,0,0,0,0,50-100,D,PU2.0,PU2.0.D,2.67,129.26,126.59,45.53,42.86,925,18.5,66.1426653,0.463351351,C17,15.528,2.004,16.967,1.439,28.19361277,10.134,8.594,1.54,3.98204151,43.434324,36.833884,0.043434324,0.036833884,23.47801121,19.91020607,PU2.0
PU2,1,1,1,1,0-15,A,PU2.1,PU2.1.A,2.68,121.05,118.37,49.49,46.81,277.5,18.5,60.45450705,0.506054054,C14,14.434,2,15.855,1.421,28.95,14.172,9.671,4.501,4.894048756,19.9017396,13.5809853,0.01990174,0.013580985,10.75769627,7.341072585,PU2.1
PU2,1,1,1,1,15-30,B,PU2.1,PU2.1.B,2.7,121.39,118.69,40.93,38.23,277.5,18.5,67.79004128,0.413297297,C51,15.526,1.996,16.932,1.406,29.55911824,14.755,10.905,3.85,4.507007024,16.9225095,12.5069445,0.01692251,0.012506945,9.147301746,6.760510034,PU2.1
PU2,1,1,1,1,30-50,C,PU2.1,PU2.1.C,2.69,119.11,116.42,41.18,38.49,370,18.5,66.93867033,0.416108108,C10,12.998,2.002,14.395,1.397,30.21978022,15.011,10.041,4.97,4.178141512,23.1109356,15.4591236,0.023110936,0.015459124,12.49239668,8.3562824,PU2.1
PU2,1,1,1,1,50-100,D,PU2.1,PU2.1.D,2.66,176.41,173.75,72.73,70.07,925,18.5,59.67194245,0.757513514,C55,14.68,2.001,16.231,1.551,22.48875562,15.218,7.058,8.16,5.346530382,106.632526,49.455406,0.106632526,0.049455406,57.63919892,26.73264989,PU2.1
PU2,2,2,2,2,0-15,A,PU2.2,PU2.2.A,2.72,118.13,115.41,45.07,42.35,277.5,18.5,63.30473962,0.457837838,C52,16.103,2.001,17.402,1.299,35.08245877,12.284,22.479,-10.195,10.29173676,15.606822,28.5595695,0.015606822,0.02855957,8.436119367,15.43760398,PU2.2
PU2,2,2,2,2,15-30,B,PU2.2,PU2.2.B,2.82,136.85,134.03,46.51,43.69,277.5,18.5,67.40282026,0.472324324,C14,14.434,1.999,15.837,1.403,29.81490745,12.014,9.989,2.025,4.718047672,15.7467498,13.0925823,0.01574675,0.013092582,8.51175601,7.077070983,PU2.2
PU2,2,2,2,2,30-50,C,PU2.2,PU2.2.C,2.74,121.81,119.07,47.93,45.19,370,18.5,62.04753506,0.488540541,C17,15.527,1.996,16.993,1.466,26.55310621,10.141,7.312,2.829,3.572208436,18.3308716,13.2171712,0.018330872,0.013217171,9.9085785,7.144416329,PU2.2
PU2,2,2,2,2,50-100,D,PU2.2,PU2.2.D,2.66,135.18,132.52,76.1,73.44,925,18.5,44.58194989,0.793945946,C4,15.127,2.005,16.886,1.759,12.26932668,2.717,2.982,-0.265,2.367546811,19.953648,21.899808,0.019953648,0.021899808,10.78575487,11.83773317,PU2.2
PU2,4,4,4,4,0-15,A,PU2.4,PU2.4.A,2.67,114.43,111.76,37.52,34.85,277.5,18.5,68.81710809,0.376756757,C10,12.997,1.996,14.257,1.26,36.87374749,16.834,14.17,2.664,5.338643247,17.599947,14.814735,0.017599947,0.014814735,9.513484151,8.007964264,PU2.4
PU2,4,4,4,4,15-30,B,PU2.4,PU2.4.B,2.72,127.08,124.36,50.83,48.11,277.5,18.5,61.31392731,0.520108108,C9,15.645,2,17.161,1.516,24.2,8.753,7.682,1.071,3.995470486,12.6332049,11.0874306,0.012633205,0.011087431,6.828758893,5.99320528,PU2.4
PU2,4,4,4,4,30-50,C,PU2.4,PU2.4.C,2.74,124.18,121.44,52.84,50.1,370,18.5,58.74505929,0.541621622,C4,15.128,1.999,16.763,1.635,18.20910455,6.781,5.592,1.189,3.02874811,13.589124,11.206368,0.013589124,0.011206368,7.345471882,6.057495762,PU2.4
PU2,4,4,4,4,50-100,D,PU2.4,PU2.4.D,2.75,127.75,125,66.53,63.78,925,18.5,48.976,0.689513514,27,14.324,2.002,16.069,1.745,12.83716284,3.862,3.191,0.671,2.200237623,24.631836,20.352198,0.024631836,0.020352198,13.31450495,11.00118728,PU2.4
PU2,8,8,8,8,0-15,A,PU2.8,PU2.8.A,2.7,120.03,117.33,41.07,38.37,277.5,18.5,67.2973664,0.414810811,C7,14.635,1.997,15.829,1.194,40.21031547,13.657,3.406,10.251,1.412845622,15.7205727,3.9206466,0.015720573,0.003920647,8.497606228,2.119268273,PU2.8
PU2,8,8,8,8,15-30,B,PU2.8,PU2.8.B,2.67,117.08,114.41,43.27,40.6,277.5,18.5,64.51359147,0.438918919,C70A,15.473,1.999,16.852,1.379,31.01550775,13.762,10.581,3.181,4.644201082,16.762116,12.887658,0.016762116,0.012887658,9.060602564,6.966301099,PU2.8
PU2,8,8,8,8,30-50,C,PU2.8,PU2.8.C,2.7,128.42,125.72,40.28,37.58,370,18.5,70.1081769,0.40627027,C60,15.751,2,16.971,1.22,39,17.907,14.53,3.377,5.903107023,26.9178024,21.841496,0.026917802,0.021841496,14.55016237,11.80621317,PU2.8
PU2,8,8,8,8,50-100,D,PU2.8,PU2.8.D,2.77,155.68,152.91,84.39,81.62,925,18.5,46.62219606,0.882378378,C19,14.487,1.996,16.28,1.793,10.17034068,3.148,3.101,0.047,2.73625535,25.693976,25.310362,0.025693976,0.025310362,13.88863463,13.68127573,PU2.8
PU2,E-,-32,-16,neg end,0-15,A,PU2.-32,PU2.-32.A,2.72,132.57,129.85,39.3,36.58,277.5,18.5,71.8290335,0.395459459,C27,14.323,1.997,15.617,1.294,35.20280421,17.265,11.312,5.953,4.4734374,18.946611,12.4137888,0.018946611,0.012413789,10.24141058,6.710155605,PU2.-32
PU2,E-,-32,-16,neg end,15-30,B,PU2.-32,PU2.-32.B,2.8,123.73,120.93,34.73,31.93,277.5,18.5,73.59629538,0.345189189,C58,14.247,2.004,15.475,1.228,38.72255489,16.309,14.941,1.368,5.157471673,15.6223911,14.3119839,0.015622391,0.014311984,8.444535096,7.736206933,PU2.-32
PU2,E-,-32,-16,neg end,30-50,C,PU2.-32,PU2.-32.C,2.75,128.81,126.06,63.17,60.42,370,18.5,52.07044265,0.653189189,C25,14.18,1.999,15.832,1.652,17.35867934,6.502,5.855,0.647,3.824422702,15.7140336,14.150364,0.015714034,0.014150364,8.494071579,7.648844832,PU2.-32
PU2,E-,-32,-16,neg end,50-100,D,PU2.-32,PU2.-32.D,2.66,103.08,100.42,36.11,33.45,925,18.5,66.68990241,0.361621622,C20,14.786,1.998,16.121,1.335,33.18318318,14.421,14.153,0.268,5.118030816,48.238245,47.341785,0.048238245,0.047341785,26.07472507,25.59015213,PU2.-32
PU2,E,18,16,pos end,0-15,A,PU2.18,PU2.18.A,2.74,107.35,104.61,37.4,34.66,277.5,18.5,66.86741229,0.374702703,C58,14.246,2.002,15.384,1.138,43.15684316,17.255,24.026,-6.771,9.002607142,17.941749,24.9822348,0.017941749,0.024982235,9.698241975,13.50390969,PU2.18
PU2,E,18,16,pos end,15-30,B,PU2.18,PU2.18.B,2.74,122.04,119.3,56.01,53.27,277.5,18.5,55.34786253,0.575891892,C27,14.323,1.998,15.881,1.558,22.02202202,6.376,5.562,0.814,3.203110703,10.1894856,8.8886322,0.010189486,0.008888632,5.507829641,4.804665694,PU2.18
PU2,E,18,16,pos end,30-50,C,PU2.18,PU2.18.C,2.75,136.97,134.22,66.49,63.74,370,18.5,52.51080316,0.689081081,C5,13.932,1.997,15.619,1.687,15.52328493,5.597,5.404,0.193,3.723794162,14.2701112,13.7780384,0.014270111,0.013778038,7.713573043,7.447587766,PU2.18
PU2,E,18,16,pos end,50-100,D,PU2.18,PU2.18.D,2.73,135.85,133.12,69.53,66.8,925,18.5,49.81971154,0.722162162,C54,15.668,2.001,17.412,1.744,12.84357821,3.179,2.674,0.505,1.931061621,21.23572,17.86232,0.02123572,0.01786232,11.47876671,9.655307384,PU2.18
PU3,-8,-8,-8,-8,0-15,A,PU3.-8,PU3.-8.A,2.72,93.95,91.23,31.05,28.33,277.5,18.5,68.94661844,0.30627027,C70,15.299,1.997,16.775,1.476,26.0891337,,,,0,,,,,,,PU3.-8
PU3,-8,-8,-8,-8,15-30,B,PU3.-8,PU3.-8.B,2.73,114.63,111.9,43.29,40.56,277.5,18.5,63.75335121,0.438486486,C60,15.751,2.002,17.29,1.539,23.12687313,8.601,6.318,2.283,2.770357619,10.4656968,7.6877424,0.010465697,0.007687742,5.657132981,4.155536121,PU3.-8
PU3,-8,-8,-8,-8,30-50,C,PU3.-8,PU3.-8.C,2.75,125.54,122.79,51.16,48.41,370,18.5,60.57496539,0.523351351,C6,14.591,1.998,16.11,1.519,23.97397397,10.751,8.348,2.403,4.368937078,20.8182364,16.1650672,0.020818236,0.016165067,11.25309991,8.737873507,PU3.-8
PU3,-8,-8,-8,-8,50-100,D,PU3.-8,PU3.-8.D,2.78,120.86,118.08,45.63,42.85,925,18.5,63.71104336,0.463243243,C12,14.879,2.002,16.416,1.537,23.22677323,7.593,7.652,-0.059,3.544737295,32.536005,32.78882,0.032536005,0.03278882,17.58702841,17.72368516,PU3.-8
PU3,-4,-4,-4,-4,0-15,A,PU3.-4,PU3.-4.A,2.7,114.85,112.15,41.25,38.55,277.5,18.5,65.62639322,0.416756757,C27,14.323,1.999,15.753,1.43,28.46423212,9.096,5.779,3.317,2.408437299,10.519524,6.6834135,0.010519524,0.006683414,5.686228763,3.612655675,PU3.-4
PU3,-4,-4,-4,-4,15-30,B,PU3.-4,PU3.-4.B,2.74,121.6,118.86,50.17,47.43,277.5,18.5,60.09591116,0.512756757,C57,15.765,2.004,17.299,1.534,23.45309381,8.644,6.876,1.768,3.525715461,12.2995476,9.7838604,0.012299548,0.00978386,6.648403609,5.288572793,PU3.-4
PU3,-4,-4,-4,-4,30-50,C,PU3.-4,PU3.-4.C,2.77,137.16,134.39,47.87,45.1,370,18.5,66.44095543,0.487567568,59,16.16,2.002,17.259,1.099,45.1048951,21.212,20.795,0.417,10.13896758,38.266448,37.51418,0.038266448,0.03751418,20.68456494,20.27793361,PU3.-4
PU3,-4,-4,-4,-4,50-100,D,PU3.-4,PU3.-4.D,2.74,154.11,151.37,84.8,82.06,925,18.5,45.78846535,0.887135135,C52,16.102,2.002,17.806,1.704,14.88511489,4.838,4.513,0.325,4.003640864,39.700628,37.033678,0.039700628,0.037033678,21.45979731,20.01820282,PU3.-4
PU3,-2,-2,-2,-2,0-15,A,PU3.-2,PU3.-2.A,2.73,140.29,137.56,54.97,52.24,277.5,18.5,62.02384414,0.564756757,C19,14.487,2.004,16.126,1.639,18.21357285,7.164,5.338,1.826,3.014671569,11.2274208,8.3657136,0.011227421,0.008365714,6.068875653,4.522007012,PU3.-2
PU3,-2,-2,-2,-2,15-30,B,PU3.-2,PU3.-2.B,2.71,103.64,100.93,40.17,37.46,277.5,18.5,62.88516794,0.404972973,C12,14.88,2.001,16.409,1.529,23.5882059,8.01,7.812,0.198,3.163648865,9.001638,8.7791256,0.009001638,0.008779126,4.865749905,4.745472941,PU3.-2
PU3,-2,-2,-2,-2,30-50,C,PU3.-2,PU3.-2.C,2.68,135.58,132.9,57.66,54.98,370,18.5,58.63054929,0.594378378,C7,14.635,2.002,16.179,1.544,22.87712288,9.213,7.478,1.735,4.444761511,20.2612296,16.4456176,0.02026123,0.016445618,10.95201518,8.88952236,PU3.-2
PU3,-2,-2,-2,-2,50-100,D,PU3.-2,PU3.-2.D,2.71,150.43,147.72,67.41,64.7,925,18.5,56.20092066,0.699459459,C51,15.527,1.999,17.147,1.62,18.95947974,6.445,5.162,1.283,3.610609727,41.69915,33.39814,0.04169915,0.03339814,22.54007939,18.05304729,PU3.-2
PU3,-1,-1,-1,-1,0-15,A,PU3.-1,PU3.-1.A,2.77,119.31,116.54,41.48,38.71,277.5,18.5,66.78393685,0.418486486,C25,14.179,1.995,15.795,1.616,18.99749373,7.586,7.073,0.513,2.959954915,8.8096218,8.2138749,0.008809622,0.008213875,4.761957373,4.439932045,PU3.-1
PU3,-1,-1,-1,-1,15-30,B,PU3.-1,PU3.-1.B,2.75,139.59,136.84,61.78,59.03,277.5,18.5,56.86202865,0.638162162,C54,15.668,2.004,17.313,1.645,17.91417166,7.234,6.548,0.686,4.178685837,12.8106906,11.5958532,0.012810691,0.011595853,6.924697102,6.268028287,PU3.-1
PU3,-1,-1,-1,-1,30-50,C,PU3.-1,PU3.-1.C,2.81,133.31,130.5,59.11,56.3,370,18.5,56.85823755,0.608648649,C28,13.957,2.003,15.595,1.638,18.222666,7.787,5.623,2.164,3.422431353,17.536324,12.662996,0.017536324,0.012662996,9.479093343,6.844862189,PU3.-1
PU3,-1,-1,-1,-1,50-100,D,PU3.-1,PU3.-1.D,2.71,158.36,155.65,77.08,74.37,925,18.5,52.21972374,0.804,C20,14.786,1.998,16.442,1.656,17.11711712,5.284,5.064,0.22,4.071456,39.297108,37.660968,0.039297108,0.037660968,21.24167841,20.35727847,PU3.-1
PU3,0,0,0,0,0-15,A,PU3.0,PU3.0.A,2.71,97.36,94.65,33.86,31.15,277.5,18.5,67.08927628,0.336756757,C7,14.635,1.999,16.123,1.488,25.56278139,12.339,10.197,2.142,3.433908651,11.5307955,9.5290965,0.011530796,0.009529097,6.232861965,5.150862587,PU3.0
PU3,0,0,0,0,15-30,B,PU3.0,PU3.0.B,2.75,127.35,124.6,58.36,52.88,277.5,18.5,57.56019262,0.571675676,C8,14.928,1.997,16.496,1.568,21.48222334,8.102,7.133,0.969,4.077762597,12.8530128,11.3157912,0.012853013,0.011315791,6.947573965,6.116643433,PU3.0
PU3,0,0,0,0,30-50,C,PU3.0,PU3.0.C,2.78,126.22,123.44,60.9,58.12,370,18.5,52.91639663,0.628324324,C56,15.594,2.003,17.172,1.578,21.21817274,6.979,6.236,0.743,3.918230484,16.2247792,14.4974528,0.016224779,0.014497453,8.770150261,7.836460385,PU3.0
PU3,0,0,0,0,50-100,D,PU3.0,PU3.0.D,2.75,148.99,146.24,67.32,64.57,925,18.5,55.84655361,0.698054054,C9,15.645,1.999,17.272,1.627,18.60930465,5.894,5.92,-0.026,4.13248,38.057558,38.22544,0.038057558,0.03822544,20.57165143,20.66239845,PU3.0
PU3,1,1,1,1,0-15,A,PU3.1,PU3.1.A,2.79,126.55,123.76,51.09,48.3,277.5,18.5,60.97285068,0.522162162,C8,14.928,2.002,16.384,1.456,27.27272727,8.842,8.062,0.78,4.20967135,12.812058,11.681838,0.012812058,0.011681838,6.925436237,6.314506553,PU3.1
PU3,1,1,1,1,15-30,B,PU3.1,PU3.1.B,2.74,131.22,128.48,57.27,54.53,277.5,18.5,57.55759651,0.589513514,C7,14.635,1.999,16.072,1.437,28.11405703,13.027,9.181,3.846,5.412323572,21.3108693,15.0191979,0.021310869,0.015019198,11.51938795,8.118484742,PU3.1
PU3,1,1,1,1,30-50,C,PU3.1,PU3.1.C,2.72,145.78,143.06,69.38,66.66,370,18.5,53.40416608,0.720648649,C139,14.874,2.003,16.462,1.588,20.71892162,10.237,7.216,3.021,5.200200651,27.2959368,19.2407424,0.027295937,0.019240742,14.75455933,10.40040052,PU3.1
PU3,1,1,1,1,50-100,D,PU3.1,PU3.1.D,2.72,131.09,128.37,58.3,55.58,925,18.5,56.70327958,0.600864865,C57,15.765,2,17.103,1.338,33.1,13.082,12.229,0.853,7.347976434,72.709756,67.968782,0.072709756,0.067968782,39.30256786,36.73987941,PU3.1
PU3,2,2,2,2,0-15,A,PU3.2,PU3.2.A,2.74,106.42,103.68,38.31,35.57,277.5,18.5,65.69251543,0.384540541,C61,14.813,2.002,16.262,1.449,27.62237762,9.9,7.044,2.856,2.708703571,10.56429,7.5166524,0.01056429,0.007516652,5.710426599,4.063055047,PU3.2
PU3,2,2,2,2,15-30,B,PU3.2,PU3.2.B,2.76,122.45,119.69,53.15,50.39,277.5,18.5,57.8995739,0.544756757,C56,15.593,1.998,17.12,1.527,23.57357357,9.856,8.328,1.528,4.536734272,14.8993152,12.5894376,0.014899315,0.012589438,8.053683288,6.805100895,PU3.2
PU3,2,2,2,2,30-50,C,PU3.2,PU3.2.C,2.74,128,125.26,48.56,45.82,370,18.5,63.42008622,0.495351351,C25,14.18,1.997,15.24,1.06,46.92038057,29.032,19.029,10.003,9.426040858,53.2098496,34.8763512,0.05320985,0.034876351,28.76207871,18.85208032,PU3.2
PU3,2,2,2,2,50-100,D,PU3.2,PU3.2.D,2.7,118.11,115.41,44.1,41.4,925,18.5,64.12789186,0.447567568,C70,15.299,1.997,16.554,1.255,37.1557336,15.405,10.338,5.067,4.626953518,63.7767,42.79932,0.0637767,0.04279932,34.47388931,23.13476583,PU3.2
PU3,4,4,4,4,0-15,A,PU3.4,PU3.4.A,2.71,103.61,100.9,36.83,34.12,277.5,18.5,66.18434093,0.368864865,C52,16.103,2.005,17.559,1.456,27.38154613,20.946,16.125,4.821,5.947945948,21.4403256,16.50555,0.021440326,0.01650555,11.58936432,8.92191825,PU3.4
PU3,4,4,4,4,15-30,B,PU3.4,PU3.4.B,2.72,136.71,133.99,71.65,68.93,277.5,18.5,48.55586238,0.745189189,C51,15.526,2.002,17.117,1.591,20.52947053,6.388,6.296,0.092,4.691711134,13.2097452,13.0194984,0.013209745,0.013019498,7.140402275,7.037566175,PU3.4
PU3,4,4,4,4,30-50,C,PU3.4,PU3.4.C,2.72,147.83,145.11,78.22,75.5,370,18.5,47.97050513,0.816216216,C14,14.433,2.002,16.049,1.616,19.28071928,6.884,6.683,0.201,5.454772972,20.78968,20.18266,0.02078968,0.02018266,11.23766402,10.90954513,PU3.4
PU3,4,4,4,4,50-100,D,PU3.4,PU3.4.D,2.7,126.74,124.04,58.64,55.94,925,18.5,54.90164463,0.604756757,C16,14.001,2,15.635,1.634,18.3,7.055,5.56,1.495,3.362447569,39.46567,31.10264,0.03946567,0.03110264,21.33279299,16.81223658,PU3.4
PU3,8,8,8,8,0-15,A,PU3.8,PU3.8.A,2.69,112.19,109.5,46.57,43.88,277.5,18.5,59.92694064,0.474378378,C70A,15.473,2.002,17.058,1.585,20.82917083,10.261,5.783,4.478,2.74333016,13.5075804,7.6127412,0.01350758,0.007612741,7.301394263,4.114994935,PU3.8
PU3,8,8,8,8,15-30,B,PU3.8,PU3.8.B,2.71,121.76,119.05,54.64,51.93,277.5,18.5,56.37967241,0.561405405,C9,15.645,2.002,17.197,1.552,22.47752248,9.04,7.586,1.454,4.258821402,14.083416,11.8182294,0.014083416,0.011818229,7.612656726,6.388231629,PU3.8
PU3,8,8,8,8,30-50,C,PU3.8,PU3.8.C,2.78,145.14,142.36,62.51,59.73,370,18.5,58.0429896,0.64572973,C19,14.487,1.997,15.984,1.497,25.03755633,9.441,7.386,2.055,4.769359786,22.5564372,17.6466312,0.022556437,0.017646631,12.19266784,9.538718852,PU3.8
PU3,8,8,8,8,50-100,D,PU3.8,PU3.8.D,2.84,157.24,154.4,87.62,84.78,925,18.5,45.09067358,0.916540541,C71,13.605,1.997,15.42,0.933,53.27991988,1.275,1.33,-0.055,1.21899892,10.80945,11.27574,0.01080945,0.01127574,5.842945508,6.094994137,PU3.8
PU3,E-,-20,-16,neg end,0-15,A,PU3.-20,PU3.-20.A,2.78,121.28,118.5,39.7,36.92,277.5,18.5,68.84388186,0.399135135,C4,15.128,1.996,16.645,1.517,23.99799599,8.467,8.337,0.13,3.32758962,9.3780492,9.2340612,0.009378049,0.009234061,5.069215404,4.991384058,PU3.-20
PU3,E-,-20,-16,neg end,15-30,B,PU3.-20,PU3.-20.B,2.78,126.62,123.84,55.13,52.35,277.5,18.5,57.72771318,0.565945946,C28,13.958,1.998,15.501,1.543,22.77277277,8.588,7.104,1.484,4.02048,13.487454,11.156832,0.013487454,0.011156832,7.290515129,6.030719548,PU3.-20
PU3,E-,-20,-16,neg end,30-50,C,PU3.-20,PU3.-20.C,2.76,133.62,130.86,60.37,57.61,370,18.5,55.97585206,0.622810811,C58,14.247,2.004,15.872,1.625,18.91217565,6.794,6.349,0.445,3.954225839,15.6560936,14.6306356,0.015656094,0.014630636,8.462752663,7.908451083,PU3.-20
PU3,E-,-20,-16,neg end,50-100,D,PU3.-20,PU3.-20.D,2.75,162.86,160.11,81.19,78.44,925,18.5,51.00868153,0.848,C61,14.813,2.005,16.44,1.627,18.85286783,6.357,4.827,1.53,4.093296,49.864308,37.862988,0.049864308,0.037862988,26.95367798,20.46647847,PU3.-20
PU3,E,22,16,pos end,0-15,A,PU3.22,PU3.22.A,2.74,114.79,112.05,45.77,43.03,277.5,18.5,61.59750112,0.465189189,C20,14.786,2,16.202,1.416,29.2,10.966,8.747,2.219,4.069009836,14.1560094,11.2915023,0.014156009,0.011291502,7.651896399,6.103514299,PU3.22
PU3,E,22,16,pos end,15-30,B,PU3.22,PU3.22.B,2.74,111.52,108.78,42.41,39.67,277.5,18.5,63.53189925,0.428864865,C71,13.606,1.996,15.049,1.443,27.70541082,12.928,8.752,4.176,3.753425298,15.3856128,10.4157552,0.015385613,0.010415755,8.316546836,5.630137524,PU3.22
PU3,E,22,16,pos end,30-50,C,PU3.22,PU3.22.C,2.75,123.38,120.63,52.13,49.38,370,18.5,59.06490923,0.533837838,C8,14.927,1.998,16.532,1.605,19.66966967,7.109,6.722,0.387,3.588457947,14.0416968,13.2772944,0.014041697,0.013277294,7.590105809,7.176915354,PU3.22
PU3,E,22,16,pos end,50-100,D,PU3.22,PU3.22.D,2.74,141.73,138.99,74.52,71.78,925,18.5,48.35599683,0.776,C70A,15.473,2.005,17.259,1.786,10.92269327,2.897,2.076,0.821,1.610976,20.794666,14.901528,0.020794666,0.014901528,11.24035916,8.054879396,PU3.22
SB1,-8,-8,-8,-8,0-15,A,SB1.-8,SB1.-8.A,2.7,133.05,130.35,51.59,48.89,277.5,18.5,62.4932873,0.528540541,,,,,,,9.637,8.24,1.397,4.355174058,14.1345879,12.085608,0.014134588,0.012085608,7.640317211,6.532760591,SB1.-8
SB1,-8,-8,-8,-8,15-30,B,SB1.-8,SB1.-8.B,2.71,121.88,119.17,64.83,62.12,277.5,18.5,47.87278678,0.671567568,,,,,,,8.045,6.227,1.818,4.181851246,14.992662,11.6046372,0.014992662,0.011604637,8.104141014,6.272776394,SB1.-8
SB1,-8,-8,-8,-8,30-50,C,SB1.-8,SB1.-8.C,2.78,133.4,130.62,59.33,56.55,370,18.5,56.7064768,0.611351351,,,,,,,11.376,7.656,3.72,4.680505943,25.732512,17.317872,0.025732512,0.017317872,13.9094649,9.36101119,SB1.-8
SB1,-8,-8,-8,-8,50-100,D,SB1.-8,SB1.-8.D,2.74,119.7,116.96,55.21,52.47,925,18.5,55.13850889,0.567243243,,,,,,,10.134,6.758,3.376,3.833429836,53.173098,35.459226,0.053173098,0.035459226,28.74221298,19.16714775,SB1.-8
SB1,-4,-4,-4,-4,0-15,A,SB1.-4,SB1.-4.A,2.77,130.99,128.22,72.1,69.33,277.5,18.5,45.92887225,0.749513514,,,,,,,6.21,3.497,2.713,2.621048758,12.916179,7.2734103,0.012916179,0.00727341,6.981717855,3.93157284,SB1.-4
SB1,-4,-4,-4,-4,15-30,B,SB1.-4,SB1.-4.B,2.73,123.49,120.76,51.22,48.49,277.5,18.5,59.84597549,0.524216216,,,,,,,12.965,9.278,3.687,4.863678052,18.8601855,13.4967066,0.018860186,0.013496707,10.1946941,7.295516534,SB1.-4
SB1,-4,-4,-4,-4,30-50,C,SB1.-4,SB1.-4.C,2.77,118.64,115.87,52.12,49.35,370,18.5,57.40916544,0.533513514,,,,,,,10.168,8.691,1.477,4.63676595,20.071632,17.156034,0.020071632,0.017156034,10.84953,9.273531196,SB1.-4
SB1,-4,-4,-4,-4,50-100,D,SB1.-4,SB1.-4.D,2.75,115.18,112.43,50.9,48.15,925,18.5,57.17335231,0.520540541,,,,,,,11.041,8.204,2.837,4.270514598,53.162415,39.50226,0.053162415,0.03950226,28.73643839,21.35257137,SB1.-4
SB1,-2,-2,-2,-2,0-15,A,SB1.-2,SB1.-2.A,2.75,133.81,131.06,60.9,58.15,277.5,18.5,55.6310087,0.628648649,,,,,,,10.272,10.155,0.117,6.383927031,17.919504,17.7153975,0.017919504,0.017715398,9.686217652,9.575889822,SB1.-2
SB1,-2,-2,-2,-2,15-30,B,SB1.-2,SB1.-2.B,2.77,125.01,122.24,56.14,53.37,277.5,18.5,56.33998691,0.576972973,,,,,,,7.866,7.271,0.595,4.195170487,12.5942526,11.6415981,0.012594253,0.011641598,6.807703598,6.292755258,SB1.-2
SB1,-2,-2,-2,-2,30-50,C,SB1.-2,SB1.-2.C,2.7,126.18,123.48,57.37,54.67,370,18.5,55.72562358,0.591027027,,,,,,,9.052,7.468,1.584,4.413789838,19.7949136,16.3310224,0.019794914,0.016331022,10.69995249,8.827579014,SB1.-2
SB1,-2,-2,-2,-2,50-100,D,SB1.-2,SB1.-2.D,2.68,139.9,137.22,69.94,67.26,925,18.5,50.9838216,0.727135135,,,,,,,14.78,13.975,0.805,10.16171351,99.41028,93.99585,0.09941028,0.09399585,53.73528246,50.80856376,SB1.-2
SB1,-1,-1,-1,-1,0-15,A,SB1.-1,SB1.-1.A,2.76,122.74,119.98,54.7,51.94,277.5,18.5,56.70945158,0.561513514,,,,,,,9.326,8.007,1.319,4.496038707,14.5317732,12.4765074,0.014531773,0.012476507,7.855011951,6.744057548,SB1.-1
SB1,-1,-1,-1,-1,15-30,B,SB1.-1,SB1.-1.B,2.76,134.1,131.34,57.78,55.02,277.5,18.5,58.10872545,0.594810811,,,,,,,10.186,9.822,0.364,5.842231786,16.8130116,16.2121932,0.016813012,0.016212193,9.088113697,8.763347018,SB1.-1
SB1,-1,-1,-1,-1,30-50,C,SB1.-1,SB1.-1.C,2.74,133.11,130.37,59.42,56.68,370,18.5,56.52374012,0.612756757,,,,,,,12.116,9.422,2.694,5.773394164,27.4693952,21.3615584,0.027469395,0.021361558,14.84832062,11.54678746,SB1.-1
SB1,-1,-1,-1,-1,50-100,D,SB1.-1,SB1.-1.D,2.73,159.21,156.48,75.59,72.86,925,18.5,53.43813906,0.787675676,,,,,,,7.354,6.504,0.85,5.123042597,53.581244,47.388144,0.053581244,0.047388144,28.96283242,25.61521105,SB1.-1
SB1,0,0,0,0,0-15,A,SB1.0,SB1.0.A,2.64,137.2,134.56,57.49,54.85,277.5,18.5,59.23751486,0.592972973,,,,,,,9.936,5.332,4.604,3.161731892,16.349688,8.773806,0.016349688,0.008773806,8.837668526,4.742597482,SB1.0
SB1,0,0,0,0,15-30,B,SB1.0,SB1.0.B,2.7,114.57,111.87,48.5,45.8,277.5,18.5,59.05962278,0.495135135,,,,,,,14.086,12.806,1.28,6.340700539,19.354164,17.595444,0.019354164,0.017595444,10.46170949,9.511050097,SB1.0
SB1,0,0,0,0,30-50,C,SB1.0,SB1.0.C,2.7,123.19,120.49,54.81,52.11,370,18.5,56.75159764,0.563351351,,,,,,,8.896,6.906,1.99,3.89050443,18.5428224,14.3948664,0.018542822,0.014394866,10.02314649,7.781008281,SB1.0
SB1,0,0,0,0,50-100,D,SB1.0,SB1.0.D,2.68,146.87,144.19,71.87,69.19,925,18.5,52.01470282,0.748,,,,,,,6.702,5.688,1.014,4.254624,46.371138,39.355272,0.046371138,0.039355272,25.06547812,21.2731184,SB1.0
SB1,1,1,1,1,0-15,A,SB1.1,SB1.1.A,2.71,119.6,116.89,53.02,50.31,277.5,18.5,56.95953461,0.543891892,,,,,,,5.567,8.229,-2.662,4.475686379,8.4022731,12.4200297,0.008402273,0.01242003,4.541768903,6.713529064,SB1.1
SB1,1,1,1,1,15-30,B,SB1.1,SB1.1.B,2.72,126.64,123.92,53.2,50.48,277.5,18.5,59.26404132,0.54572973,,,,,,,10.891,9.409,1.482,5.13477103,16.4933304,14.2489896,0.01649333,0.01424899,8.915313061,7.702155963,SB1.1
SB1,1,1,1,1,30-50,C,SB1.1,SB1.1.C,2.71,128,125.29,57.54,54.83,370,18.5,56.23752893,0.592756757,,,,,,,7.908,6.393,1.515,3.789493948,17.3438256,14.0211276,0.017343826,0.014021128,9.375040162,7.578987323,SB1.1
SB1,1,1,1,1,50-100,D,SB1.1,SB1.1.D,2.71,127.43,124.72,59.74,57.03,925,18.5,54.2735728,0.616540541,,,,,,,6.776,3.785,2.991,2.333605948,38.643528,21.585855,0.038643528,0.021585855,20.88839195,11.66802885,SB1.1
SB1,2,2,2,2,0-15,A,SB1.2,SB1.2.A,2.75,114.26,111.51,54.82,52.07,277.5,18.5,53.30463636,0.562918919,,,,,,,6.004,6.449,-0.445,3.630264109,9.3788484,10.0739829,0.009378848,0.010073983,5.069647404,5.445395754,SB1.2
SB1,2,2,2,2,15-30,B,SB1.2,SB1.2.B,2.79,123.28,120.49,54.7,51.91,277.5,18.5,56.91758652,0.561189189,,,,,,,7.799,5.085,2.714,2.853647026,12.1453827,7.9188705,0.012145383,0.007918871,6.565071237,4.28047022,SB1.2
SB1,2,2,2,2,30-50,C,SB1.2,SB1.2.C,2.75,134.71,131.96,61.1,58.35,370,18.5,55.78205517,0.630810811,,,,,,,7.442,7.418,0.024,4.679354596,17.369628,17.313612,0.017369628,0.017313612,9.388987404,9.358708487,SB1.2
SB1,2,2,2,2,50-100,D,SB1.2,SB1.2.D,2.74,142.85,140.11,71.63,68.89,925,18.5,50.83148954,0.744756757,,,,,,,5.73,5.321,0.409,3.962850704,39.47397,36.656369,0.03947397,0.036656369,21.33727948,19.81425203,SB1.2
SB1,4,4,4,4,0-15,A,SB1.4,SB1.4.A,2.78,109.8,107.02,54.07,51.29,277.5,18.5,52.07437862,0.554486486,,,,,,,7.695,5.605,2.09,3.107896754,11.8402965,8.6244135,0.011840297,0.008624414,6.40015979,4.661844785,SB1.4
SB1,4,4,4,4,15-30,B,SB1.4,SB1.4.B,2.68,108.11,105.43,47.06,44.38,277.5,18.5,57.90571943,0.479783784,,,,,,,10.123,4.977,5.146,2.387883893,13.4777622,6.6263778,0.013477762,0.006626378,7.285276318,3.581825569,SB1.4
SB1,4,4,4,4,30-50,C,SB1.4,SB1.4.C,2.68,128.38,125.7,60.28,57.6,370,18.5,54.17661098,0.622702703,,,,,,,9.355,7.592,1.763,4.727558921,21.55392,17.491968,0.02155392,0.017491968,11.65076669,9.455117129,SB1.4
SB1,4,4,4,4,50-100,D,SB1.4,SB1.4.D,2.73,126.44,123.71,66.48,63.75,925,18.5,48.46819174,0.689189189,,,,,,,7.984,5.036,2.948,3.470756756,50.898,32.1045,0.050898,0.0321045,27.51243037,17.35378248,SB1.4
SB1,8,8,8,8,0-15,A,SB1.8,SB1.8.A,2.75,117.87,115.12,61.33,58.58,277.5,18.5,49.11396803,0.633297297,,,,,,,11.055,,,0,19.428057,,0.019428057,,10.50165164,,SB1.8
SB1,8,8,8,8,15-30,B,SB1.8,SB1.8.B,2.73,130.88,128.15,56.69,53.96,277.5,18.5,57.89309403,0.583351351,,,,,,,8.854,8.378,0.476,4.887317619,14.3328552,13.5623064,0.014332855,0.013562306,7.747488716,7.330975883,SB1.8
SB1,8,8,8,8,30-50,C,SB1.8,SB1.8.C,2.73,139,136.27,65.16,62.43,370,18.5,54.18654143,0.674918919,,,,,,,8.521,6.671,1.85,4.502384109,21.2786412,16.6588212,0.021278641,0.016658821,11.50196735,9.004767541,SB1.8
SB1,8,8,8,8,50-100,D,SB1.8,SB1.8.D,2.72,143.71,140.99,58.48,55.76,925,18.5,60.45109582,0.602810811,,,,,,,7.679,6.062,1.617,3.654239136,42.818104,33.801712,0.042818104,0.033801712,23.14491935,18.27119431,SB1.8
SB1,E-,-19,-16,neg end,0-15,A,SB1.-19,SB1.-19.A,2.72,120.41,117.69,54.53,51.81,277.5,18.5,55.97756819,0.560108108,,,,,,,8.913,7.355,1.558,4.119595134,13.8534759,11.4318765,0.013853476,0.011431877,7.48836479,6.179392239,SB1.-19
SB1,E-,-19,-16,neg end,15-30,B,SB1.-19,SB1.-19.B,2.78,127.94,125.16,51.28,48.5,277.5,18.5,61.24960051,0.524324324,,,,,,,11.775,8.707,3.068,4.565291889,17.132625,12.668685,0.017132625,0.012668685,9.260877684,6.847937324,SB1.-19
SB1,E-,-19,-16,neg end,30-50,C,SB1.-19,SB1.-19.C,2.77,116.98,114.21,46.01,43.24,370,18.5,62.1399177,0.467459459,,,,,,,12.2,10.245,1.955,4.789122157,21.10112,17.719752,0.02110112,0.017719752,11.40600996,9.578243606,SB1.-19
SB1,E-,-19,-16,neg end,50-100,D,SB1.-19,SB1.-19.D,2.7,114.24,111.54,48.73,46.03,925,18.5,58.73229335,0.497621622,,,,,,,9.276,7.735,1.541,3.849103246,42.697428,35.604205,0.042697428,0.035604205,23.07968908,19.24551477,SB1.-19
SB2,-8,-8,-8,-8,0-15,A,SB2.-8,SB2.-8.A,2.74,165.6,162.86,94.85,92.11,277.5,18.5,43.44222031,0.995783784,,,,,,,4.668,3.862,0.806,3.845716974,12.8990844,10.6718646,0.012899084,0.010671865,6.972477531,5.768575027,SB2.-8
SB2,-8,-8,-8,-8,15-30,B,SB2.-8,SB2.-8.B,2.65,149.94,147.29,102.09,99.44,277.5,18.5,32.48693055,1.075027027,,,,,,,6.32,1.457,4.863,1.566314378,18.853824,4.3465224,0.018853824,0.004346522,10.19125545,2.349471391,SB2.-8
SB2,-8,-8,-8,-8,30-50,C,SB2.-8,SB2.-8.C,2.77,131.75,128.98,67.63,64.86,370,18.5,49.71313382,0.701189189,,,,,,,5.882,4.255,1.627,2.983559999,15.2602608,11.039172,0.015260261,0.011039172,8.248789003,5.967119552,SB2.-8
SB2,-8,-8,-8,-8,50-100,D,SB2.-8,SB2.-8.D,2.7,112.27,109.57,47.8,45.1,925,18.5,58.83909829,0.487567568,,,,,,,7.854,6.945,0.909,3.38615676,35.42154,31.32195,0.03542154,0.03132195,19.14677694,16.93078251,SB2.-8
SB2,-4,-4,-4,-4,0-15,A,SB2.-4,SB2.-4.A,2.67,136.99,134.32,61.87,59.2,277.5,18.5,55.92614652,0.64,,,,,,,5.542,4.92,0.622,3.1488,9.842592,8.73792,0.009842592,0.00873792,5.320319601,4.723199646,SB2.-4
SB2,-4,-4,-4,-4,15-30,B,SB2.-4,SB2.-4.B,2.65,117.95,115.3,54.25,51.6,277.5,18.5,55.24718127,0.557837838,,,,,,,9.513,5.795,3.718,3.232670271,14.726124,8.97066,0.014726124,0.00897066,7.96006643,4.849005042,SB2.-4
SB2,-4,-4,-4,-4,30-50,C,SB2.-4,SB2.-4.C,2.65,149.63,146.98,66.78,64.13,370,18.5,56.36821336,0.693297297,,,,,,,8.928,8.061,0.867,5.588669511,22.9021056,20.6780772,0.022902106,0.020678077,12.37951561,11.17733819,SB2.-4
SB2,-4,-4,-4,-4,50-100,D,SB2.-4,SB2.-4.D,2.63,156.08,153.45,113.98,111.35,925,18.5,27.43564679,1.203783784,,,,,,,2.387,1.767,0.62,2.127085946,26.579245,19.675545,0.026579245,0.019675545,14.36715838,10.63542893,SB2.-4
SB2,-2,-2,-2,-2,0-15,A,SB2.-2,SB2.-2.A,2.71,165.12,162.41,71.9,69.19,277.5,18.5,57.39794348,0.748,,,,,,,13.612,3.716,9.896,2.779568,28.2544284,7.7133012,0.028254428,0.007713301,15.27266285,4.169351687,SB2.-2
SB2,-2,-2,-2,-2,15-30,B,SB2.-2,SB2.-2.B,2.69,149.35,146.66,70.45,67.76,277.5,18.5,53.7978999,0.732540541,,,,,,,6.185,3.373,2.812,2.470859245,12.572868,6.8566344,0.012572868,0.006856634,6.796144355,3.706288587,SB2.-2
SB2,-2,-2,-2,-2,30-50,C,SB2.-2,SB2.-2.C,2.69,139.98,137.29,74.83,72.14,370,18.5,47.45429383,0.779891892,,,,,,,6.521,5.331,1.19,4.157603676,18.8169976,15.3831336,0.018816998,0.015383134,10.17134929,8.315206728,SB2.-2
SB2,-2,-2,-2,-2,50-100,D,SB2.-2,SB2.-2.D,2.72,146.74,144.02,64.7,61.98,925,18.5,56.96431051,0.670054054,,,,,,,9.247,8.676,0.571,5.813388973,57.312906,53.773848,0.057312906,0.053773848,30.97994687,29.06694268,SB2.-2
SB2,-1,-1,-1,-1,0-15,A,SB2.-1,SB2.-1.A,2.69,141.1,138.41,73.29,70.6,277.5,18.5,48.99212485,0.763243243,,,,,,,7.557,3.581,3.976,2.733174053,16.005726,7.584558,0.016005726,0.007584558,8.651743135,4.099760774,SB2.-1
SB2,-1,-1,-1,-1,15-30,B,SB2.-1,SB2.-1.B,2.74,132.27,129.53,67.78,65.04,277.5,18.5,49.78769397,0.703135135,,,,,,,6.62,4.537,2.083,3.190124107,12.916944,8.8525944,0.012916944,0.008852594,6.982131368,4.785185803,SB2.-1
SB2,-1,-1,-1,-1,30-50,C,SB2.-1,SB2.-1.C,2.71,156.97,154.26,97.58,94.87,370,18.5,38.49993517,1.025621622,,,,,,,5.066,3.373,1.693,3.459421731,19.2244568,12.7998604,0.019224457,0.01279986,10.39159749,6.918842941,SB2.-1
SB2,-1,-1,-1,-1,50-100,D,SB2.-1,SB2.-1.D,2.72,119.06,116.34,54.43,51.71,925,18.5,55.55269039,0.559027027,,,,,,,9.335,7.52,1.815,4.203883243,48.271285,38.88592,0.048271285,0.03888592,26.09258453,21.01941464,SB2.-1
SB2,0,0,0,0,0-15,A,SB2.0,SB2.0.A,2.71,126.65,123.94,71.72,69.01,277.5,18.5,44.31983218,0.746054054,,,,,,,3.32,2.439,0.881,1.819625838,6.873396,5.0494617,0.006873396,0.005049462,3.715348911,2.729438552,SB2.0
SB2,0,0,0,0,15-30,B,SB2.0,SB2.0.B,2.73,131.43,128.7,60.68,57.95,277.5,18.5,54.97280497,0.626486486,,,,,,,8.307,6.881,1.426,4.31085351,14.4417195,11.9626185,0.01444172,0.011962619,7.806334279,6.466279785,SB2.0
SB2,0,0,0,0,30-50,C,SB2.0,SB2.0.C,2.78,170.27,167.49,103.64,100.86,370,18.5,39.78147949,1.090378378,,,,,,,4.004,3.704,0.3,4.038761512,16.1537376,14.9434176,0.016153738,0.014943418,8.731749399,8.077522421,SB2.0
SB2,0,0,0,0,50-100,D,SB2.0,SB2.0.D,2.7,146.36,143.66,67.11,64.41,925,18.5,55.16497285,0.696324324,,,,,,,7.535,6.435,1.1,4.480847025,48.532935,41.447835,0.048532935,0.041447835,26.23401695,22.40423345,SB2.0
SB2,1,1,1,1,0-15,A,SB2.1,SB2.1.A,2.78,145.46,142.68,67.69,64.91,277.5,18.5,54.50658817,0.70172973,,,,,,,7.156,4.807,2.349,3.373214812,13.9348788,9.3606711,0.013934879,0.009360671,7.532366354,5.059821837,SB2.1
SB2,1,1,1,1,15-30,B,SB2.1,SB2.1.B,2.67,161.39,158.72,93.2,90.53,277.5,18.5,42.9624496,0.978702703,,,,,,,7.177,4.907,2.27,4.802494164,19.4920143,13.3269213,0.019492014,0.013326921,10.53622316,7.203740703,SB2.1
SB2,1,1,1,1,30-50,C,SB2.1,SB2.1.C,2.74,155.31,152.57,90.63,87.89,370,18.5,42.39365537,0.950162162,,,,,,,5.135,4.432,0.703,4.211118702,18.052606,15.5811392,0.018052606,0.015581139,9.758164674,8.422236774,SB2.1
SB2,1,1,1,1,50-100,D,SB2.1,SB2.1.D,2.74,139.09,136.35,62.16,59.42,925,18.5,56.42097543,0.642378378,,,,,,,7.983,6.34,1.643,4.072678917,47.434986,37.67228,0.047434986,0.03767228,25.64053105,20.36339307,SB2.1
SB2,2,2,2,2,0-15,A,SB2.2,SB2.2.A,2.76,103.75,100.99,51.96,49.2,277.5,18.5,51.28230518,0.531891892,,,,,,,9.336,3.072,6.264,1.633971892,13.779936,4.534272,0.013779936,0.004534272,7.448613495,2.450957654,SB2.2
SB2,2,2,2,2,15-30,B,SB2.2,SB2.2.B,2.68,157.03,154.35,94.84,92.16,277.5,18.5,40.29154519,0.996324324,,,,,,,7.056,4.241,2.815,4.225411458,19.5084288,11.7255168,0.019508429,0.011725517,10.54509586,6.338116714,SB2.2
SB2,2,2,2,2,30-50,C,SB2.2,SB2.2.C,2.72,158.04,155.32,83.95,81.23,370,18.5,47.70151944,0.878162162,,,,,,,5.679,3.604,2.075,3.164896432,18.4522068,11.7101168,0.018452207,0.011710117,9.97416509,6.32979239,SB2.2
SB2,2,2,2,2,50-100,D,SB2.2,SB2.2.D,2.74,132.21,129.47,65.11,62.37,925,18.5,51.82667799,0.67427027,,,,,,,6.833,6.359,0.474,4.287684647,42.617421,39.661083,0.042617421,0.039661083,23.03644206,21.43842164,SB2.2
SB2,4,4,4,4,0-15,A,SB2.4,SB2.4.A,2.75,156.05,153.3,85.83,83.08,277.5,18.5,45.80560992,0.898162162,,,,,,,4.663,3.97,0.693,3.565703783,11.6220612,9.894828,0.011622061,0.009894828,6.282194772,5.348555275,SB2.4
SB2,4,4,4,4,15-30,B,SB2.4,SB2.4.B,2.74,138.11,135.37,80.62,77.88,277.5,18.5,42.46878924,0.841945946,,,,,,,6.97,4.569,2.401,3.846851027,16.284708,10.6750116,0.016284708,0.010675012,8.802544205,5.770276108,SB2.4
SB2,4,4,4,4,30-50,C,SB2.4,SB2.4.C,2.77,156.56,153.79,65.83,63.06,370,18.5,58.99603355,0.68172973,,,,,,,7.209,0.009,7.2,0.006135568,18.1839816,0.0227016,0.018183982,2.27E-05,9.829178506,0.012271134,SB2.4
SB2,4,4,4,4,50-100,D,SB2.4,SB2.4.D,2.77,103.62,100.85,35,32.23,925,18.5,68.04164601,0.348432432,,,,,,,18.05,5.172,12.878,1.802092538,58.17515,16.669356,0.05817515,0.016669356,31.44602467,9.010462027,SB2.4
SB2,8,8,8,8,0-15,A,SB2.8,SB2.8.A,2.72,135.26,132.54,75.9,73.18,277.5,18.5,44.78647955,0.791135135,,,,,,,11.065,4.082,6.983,3.229413621,24.292101,8.9616228,0.024292101,0.008961623,13.13086442,4.844120069,SB2.8
SB2,8,8,8,8,15-30,B,SB2.8,SB2.8.B,2.74,142.99,140.25,89.06,86.32,277.5,18.5,38.45276292,0.933189189,,,,,,,8.345,3.967,4.378,3.701961513,21.610212,10.2729432,0.021610212,0.010272943,11.6811948,5.552941854,SB2.8
SB2,8,8,8,8,30-50,C,SB2.8,SB2.8.C,2.7,129.94,127.24,62.1,59.4,370,18.5,53.31656712,0.642162162,,,,,,,7.045,6.406,0.639,4.11369081,16.73892,15.220656,0.01673892,0.015220656,9.048064186,8.227381005,SB2.8
SB2,8,8,8,8,50-100,D,SB2.8,SB2.8.D,2.7,129.55,126.85,53.39,50.69,925,18.5,60.03941663,0.548,,,,,,,10.356,3.122,7.234,1.710856,52.494564,15.825418,0.052494564,0.015825418,28.37543787,8.554279358,SB2.8
SB2,E-,-13,-16,neg end,0-15,A,SB2.-13,SB2.-13.A,2.63,146,143.37,91.48,88.85,277.5,18.5,38.02748134,0.960540541,,,,,,,3.796,3.659,0.137,3.51461784,10.118238,9.7530645,0.010118238,0.009753065,5.469317428,5.271926361,SB2.-13
SB2,E-,-13,-16,neg end,15-30,B,SB2.-13,SB2.-13.B,2.75,128.46,125.71,76.12,73.37,277.5,18.5,41.6355103,0.793189189,,,,,,,6.207,3.909,2.298,3.10057654,13.6622277,8.6040999,0.013662228,0.0086041,7.384987392,4.650864462,SB2.-13
SB2,E-,-13,-16,neg end,30-50,C,SB2.-13,SB2.-13.C,2.73,132.51,129.78,60.67,57.94,370,18.5,55.35521652,0.626378378,,,,,,,8.443,7.879,0.564,4.93523524,19.5674968,18.2603704,0.019567497,0.01826037,10.5770245,9.870469746,SB2.-13
SB2,E-,-13,-16,neg end,50-100,D,SB2.-13,SB2.-13.D,2.75,117.31,114.56,39.41,36.66,925,18.5,67.99930168,0.396324324,,,,,,,15.594,12.504,3.09,4.955639347,57.167604,45.839664,0.057167604,0.045839664,30.90140525,24.7781949,SB2.-13
SB2,E,25,16,pos end,0-15,A,SB2.25,SB2.25.A,2.72,120.2,117.48,66.64,63.92,277.5,18.5,45.59073885,0.691027027,,,,,,,4.972,3.851,1.121,2.661145081,9.5343072,7.3846776,0.009534307,0.007384678,5.153679181,3.991717322,SB2.25
SB2,E,25,16,pos end,15-30,B,SB2.25,SB2.25.B,2.77,126.63,123.86,57.03,54.26,277.5,18.5,56.19247538,0.586594595,,,,,,,7.379,2.876,4.503,1.687046055,12.0115362,4.6815528,0.012011536,0.004681553,6.492721783,2.530568891,SB2.25
SB2,E,25,16,pos end,30-50,C,SB2.25,SB2.25.C,2.76,139.33,136.57,64.17,61.41,370,18.5,55.03404847,0.663891892,,,,,,,9.37,7.578,1.792,5.030972758,23.016468,18.6145992,0.023016468,0.018614599,12.44133312,10.06194476,SB2.25
SB2,E,25,16,pos end,50-100,D,SB2.25,SB2.25.D,2.72,134.7,131.98,57.81,55.09,925,18.5,58.2588271,0.595567568,,,,,,,7.598,4.278,3.32,2.547838056,41.857382,23.567502,0.041857382,0.023567502,22.62561019,12.73918931,SB2.25
SB3,-8,-8,-8,-8,0-15,A,SB3.-8,SB3.-8.A,2.68,134.57,131.89,58.95,56.27,277.5,18.5,57.3356585,0.608324324,,,,,,,13.906,10.188,3.718,6.197608213,23.4747186,17.1983628,0.023474719,0.017198363,12.68903613,9.296411627,SB3.-8
SB3,-8,-8,-8,-8,15-30,B,SB3.-8,SB3.-8.B,2.69,119.9,117.21,45.07,42.38,277.5,18.5,63.84267554,0.458162162,,,,,,,14.393,9.195,5.198,4.21280108,18.2992602,11.690523,0.01829926,0.011690523,9.891491258,6.319201148,SB3.-8
SB3,-8,-8,-8,-8,30-50,C,SB3.-8,SB3.-8.C,2.79,129.47,126.68,51.13,48.34,370,18.5,61.84085886,0.522594595,,,,,,,11.957,10.475,1.482,5.474178383,23.1200552,20.25446,0.023120055,0.02025446,12.4973262,10.94835594,SB3.-8
SB3,-8,-8,-8,-8,50-100,D,SB3.-8,SB3.-8.D,2.73,130.76,128.03,54.13,51.4,925,18.5,59.85315942,0.555675676,,,,,,,10.188,8.179,2.009,4.544871354,52.36632,42.04006,0.05236632,0.04204006,28.3061168,22.72435505,SB3.-8
SB3,-4,-4,-4,-4,0-15,A,SB3.-4,SB3.-4.A,2.74,133.25,130.51,69.1,66.36,277.5,18.5,49.15332158,0.717405405,,,,,,,5.107,4.548,0.559,3.262759782,10.1670156,9.0541584,0.010167016,0.009054158,5.495683696,4.894139309,SB3.-4
SB3,-4,-4,-4,-4,15-30,B,SB3.-4,SB3.-4.B,2.79,141.67,138.88,64.85,62.06,277.5,18.5,55.31394009,0.670918919,,,,,,,8.523,8.29,0.233,5.561917839,15.8681214,15.434322,0.015868121,0.015434322,8.577362276,8.342876131,SB3.-4
SB3,-4,-4,-4,-4,30-50,C,SB3.-4,SB3.-4.C,2.77,115.54,112.77,46.03,43.26,370,18.5,61.63873371,0.467675676,,,,,,,13.004,6.134,6.87,2.868722597,22.5021216,10.6142736,0.022502122,0.010614274,12.16330806,5.737444759,SB3.-4
SB3,-4,-4,-4,-4,50-100,D,SB3.-4,SB3.-4.D,2.74,99.53,96.79,37.93,35.19,925,18.5,63.64293832,0.380432432,,,,,,,9.006,7.78,1.226,2.959764321,31.692114,27.37782,0.031692114,0.02737782,17.13087115,14.79882051,SB3.-4
SB3,-2,-2,-2,-2,0-15,A,SB3.-2,SB3.-2.A,2.75,139.08,136.33,77.14,74.39,277.5,18.5,45.43387369,0.804216216,,,,,,,4.855,4.744,0.111,3.815201729,10.8349035,10.5871848,0.010834904,0.010587185,5.856704155,5.722802165,SB3.-2
SB3,-2,-2,-2,-2,15-30,B,SB3.-2,SB3.-2.B,2.71,133.65,130.94,70.03,67.32,277.5,18.5,48.58713915,0.727783784,,,,,,,6.355,6.04,0.315,4.395814055,12.834558,12.198384,0.012834558,0.012198384,6.937598399,6.593720587,SB3.-2
SB3,-2,-2,-2,-2,30-50,C,SB3.-2,SB3.-2.C,2.72,103.05,100.33,37.7,34.98,370,18.5,65.13505432,0.378162162,,,,,,,14.796,13.561,1.235,5.128257079,20.7025632,18.9745512,0.020702563,0.018974551,11.19057386,10.25651339,SB3.-2
SB3,-2,-2,-2,-2,50-100,D,SB3.-2,SB3.-2.D,2.71,114.74,112.03,50.33,47.62,925,18.5,57.49352852,0.514810811,,,,,,,7.9,7.049,0.851,3.628901407,37.6198,33.567338,0.0376198,0.033567338,20.3350255,18.14450567,SB3.-2
SB3,-1,-1,-1,-1,0-15,A,SB3.-1,SB3.-1.A,2.61,122.79,120.18,50.41,47.8,277.5,18.5,60.22632718,0.516756757,,,,,,,9.498,9.192,0.306,4.75002811,13.620132,13.181328,0.013620132,0.013181328,7.362232961,7.125041628,SB3.-1
SB3,-1,-1,-1,-1,15-30,B,SB3.-1,SB3.-1.B,2.65,127.07,124.42,55.96,53.31,277.5,18.5,57.15319081,0.576324324,,,,,,,8.974,8.756,0.218,5.046295781,14.3521182,14.0034708,0.014352118,0.014003471,7.757901148,7.569443108,SB3.-1
SB3,-1,-1,-1,-1,30-50,C,SB3.-1,SB3.-1.C,2.68,108.17,105.49,37.6,34.92,370,18.5,66.89733624,0.377513514,,,,,,,12.722,11.464,1.258,4.327814924,17.7700896,16.0129152,0.01777009,0.016012915,9.605453117,8.655629189,SB3.-1
SB3,-1,-1,-1,-1,50-100,D,SB3.-1,SB3.-1.D,2.74,113.6,110.86,48.28,45.54,925,18.5,58.92116183,0.492324324,,,,,,,10.661,9.072,1.589,4.466366267,48.550194,41.313888,0.048550194,0.041313888,26.24334614,22.33182968,SB3.-1
SB3,0,0,0,0,0-15,A,SB3.0,SB3.0.A,2.72,151.11,148.39,95.19,92.47,277.5,18.5,37.68448009,0.999675676,,,,,,,3.941,3.534,0.407,3.532853839,10.9327281,9.8036694,0.010932728,0.009803669,5.909582314,5.299280359,SB3.0
SB3,0,0,0,0,15-30,B,SB3.0,SB3.0.B,2.68,131.29,128.61,63.36,60.68,277.5,18.5,52.81859886,0.656,,,,,,,6.759,5.926,0.833,3.887456,12.3040836,10.7876904,0.012304084,0.01078769,6.650855501,5.831183563,SB3.0
SB3,0,0,0,0,30-50,C,SB3.0,SB3.0.C,2.73,147.61,144.88,63.06,60.33,370,18.5,58.35864163,0.652216216,,,,,,,9.178,7.704,1.474,5.024673728,22.1483496,18.5912928,0.02214835,0.018591293,11.97207997,10.04934671,SB3.0
SB3,0,0,0,0,50-100,D,SB3.0,SB3.0.D,2.73,126.62,123.89,56.71,53.98,925,18.5,56.42909032,0.583567568,,,,,,,6.534,5.954,0.58,3.4745613,35.270532,32.139692,0.035270532,0.032139692,19.065151,17.37280518,SB3.0
SB3,1,1,1,1,0-15,A,SB3.1,SB3.1.A,2.7,153.34,150.64,82.66,79.96,277.5,18.5,46.91980882,0.864432432,,,,,,,7.062,5.069,1.993,4.381807998,16.9403256,12.1595172,0.016940326,0.012159517,9.15693207,6.572711507,SB3.1
SB3,1,1,1,1,15-30,B,SB3.1,SB3.1.B,2.66,116.03,113.37,48.53,45.87,277.5,18.5,59.53956073,0.495891892,,,,,,,7.409,2.49,4.919,1.234770811,10.1955249,3.426489,0.010195525,0.003426489,5.511094127,1.852156077,SB3.1
SB3,1,1,1,1,30-50,C,SB3.1,SB3.1.C,2.66,121.22,118.56,50.2,47.54,370,18.5,59.90215924,0.513945946,,,,,,,8.425,8.021,0.404,4.122360433,16.02098,15.2527336,0.01602098,0.015252734,8.65998854,8.244720247,SB3.1
SB3,1,1,1,1,50-100,D,SB3.1,SB3.1.D,2.74,110.02,107.28,51.96,49.22,925,18.5,54.12005966,0.532108108,,,,,,,8.544,5.34,3.204,2.841457297,42.053568,26.28348,0.042053568,0.02628348,22.73165667,14.20728542,SB3.1
SB3,2,2,2,2,0-15,A,SB3.2,SB3.2.A,2.67,129.9,127.23,59.47,56.8,277.5,18.5,55.35644109,0.614054054,,,,,,,8.778,7.477,1.301,4.591282162,14.957712,12.740808,0.014957712,0.012740808,8.085249123,6.886922727,SB3.2
SB3,2,2,2,2,15-30,B,SB3.2,SB3.2.B,2.67,118.39,115.72,46.63,43.96,277.5,18.5,62.01175251,0.475243243,,,,,,,10.266,9.429,0.837,4.481068538,13.5388008,12.4349652,0.013538801,0.012434965,7.318270154,6.721602307,SB3.2
SB3,2,2,2,2,30-50,C,SB3.2,SB3.2.C,2.68,121.87,119.19,46.78,44.1,370,18.5,63.0002517,0.476756757,,,,,,,10.275,8.954,1.321,4.268880002,18.1251,15.794856,0.0181251,0.015794856,9.797350617,8.53775936,SB3.2
SB3,2,2,2,2,50-100,D,SB3.2,SB3.2.D,2.69,113.55,110.86,54.68,51.99,925,18.5,53.10301281,0.562054054,,,,,,,7.755,7.403,0.352,4.160886162,40.318245,38.488197,0.040318245,0.038488197,21.79364431,20.80442925,SB3.2
SB3,4,4,4,4,0-15,A,SB3.4,SB3.4.A,2.73,126.55,123.82,60.47,57.74,277.5,18.5,53.36779196,0.624216216,,,,,,,6.398,5.488,0.91,3.425698593,11.0826156,9.5063136,0.011082616,0.009506314,5.990602578,5.138547507,SB3.4
SB3,4,4,4,4,15-30,B,SB3.4,SB3.4.B,2.7,123.7,121,52.49,49.79,277.5,18.5,58.85123967,0.53827027,,,,,,,8.321,5.861,2.46,3.154802052,12.4290777,8.7545757,0.012429078,0.008754576,6.718419874,4.732202726,SB3.4
SB3,4,4,4,4,30-50,C,SB3.4,SB3.4.C,2.76,136.69,133.93,58.46,55.7,370,18.5,58.41111028,0.602162162,,,,,,,7.221,5.39,1.831,3.245654053,16.088388,12.00892,0.016088388,0.01200892,8.696425294,6.491307621,SB3.4
SB3,4,4,4,4,50-100,D,SB3.4,SB3.4.D,2.75,136.47,133.72,61.39,58.64,925,18.5,56.1471732,0.633945946,,,,,,,8.653,7.504,1.149,4.757130379,50.741192,44.003456,0.050741192,0.044003456,27.42766929,23.78565011,SB3.4
SB3,8,8,8,8,0-15,A,SB3.8,SB3.8.A,2.74,131.32,128.58,79.87,77.13,277.5,18.5,40.01399907,0.833837838,,,,,,,8.813,3.901,4.912,3.252801406,20.3924007,9.0265239,0.020392401,0.009026524,11.02291847,4.879201742,SB3.8
SB3,8,8,8,8,15-30,B,SB3.8,SB3.8.B,2.76,121.54,118.78,50.45,47.69,277.5,18.5,59.85014312,0.515567568,,,,,,,10.713,8.194,2.519,4.224560652,15.3270891,11.7231558,0.015327089,0.011723156,8.284912406,6.336840498,SB3.8
SB3,8,8,8,8,30-50,C,SB3.8,SB3.8.C,2.82,133.42,130.6,56.28,53.46,370,18.5,59.06584992,0.577945946,,,,,,,10.264,3.697,6.567,2.136666162,21.9485376,7.9056648,0.021948538,0.007905665,11.86407349,4.273332004,SB3.8
SB3,8,8,8,8,30-50,D,SB3.8,SB3.8.D,2.78,143.62,140.84,,-2.78,925,18.5,101.9738711,-0.030054054,,,,,,,,,,0,,,,,,,SB3.8
SB3,E-,-22,-16,neg end,0-15,A,SB3.-22,SB3.-22.A,2.76,137.4,134.64,82.07,79.31,277.5,18.5,41.09477124,0.857405405,,,,,,,11.27,8.272,2.998,7.09245751,26.814711,19.6815696,0.026814711,0.01968157,14.49443729,10.63868547,SB3.-22
SB3,E-,-22,-16,neg end,15-30,B,SB3.-22,SB3.-22.B,2.76,121.54,118.78,53.52,50.76,277.5,18.5,57.26553292,0.548756757,,,,,,,13.678,12.232,1.446,6.712392652,20.8288584,18.6268896,0.020828858,0.01862689,11.25884153,10.06858822,SB3.-22
SB3,E-,-22,-16,neg end,30-50,C,SB3.-22,SB3.-22.C,2.75,127.19,124.44,50.23,47.48,370,18.5,61.8450659,0.513297297,,,,,,,15.304,12.505,2.799,6.418782699,29.0653568,23.749496,0.029065357,0.023749496,15.7110025,12.83756444,SB3.-22
SB3,E-,-22,-16,neg end,50-100,D,SB3.-22,SB3.-22.D,2.78,115.53,112.75,47.85,45.07,925,18.5,60.02660754,0.487243243,,,,,,,11.918,11.099,0.819,5.407912754,53.714426,50.023193,0.053714426,0.050023193,29.03482269,27.03956176,SB3.-22
SB3,E,22,16,pos end,0-15,A,SB3.22,SB3.22.A,2.63,104.2,101.57,48.84,46.21,277.5,18.5,54.50428276,0.499567568,,,,,,,7.059,4.442,2.617,2.219079137,9.7858917,6.1579446,0.009785892,0.006157945,5.289670792,3.328618453,SB3.22
SB3,E,22,16,pos end,15-30,B,SB3.22,SB3.22.B,2.7,147.59,144.89,57.94,55.24,277.5,18.5,61.8745255,0.597189189,,,,,,,10.935,3.958,6.977,2.36367481,18.121482,6.5591976,0.018121482,0.006559198,9.795394941,3.54551195,SB3.22
SB3,E,22,16,pos end,30-50,C,SB3.22,SB3.22.C,2.76,130.1,127.34,57.18,54.42,370,18.5,57.26401759,0.588324324,,,,,,,8.579,7.064,1.515,4.155923025,18.6747672,15.3769152,0.018674767,0.015376915,10.094468,8.311845431,SB3.22
SB3,E,22,16,pos end,50-100,D,SB3.22,SB3.22.D,2.74,135.66,132.92,65.05,62.31,925,18.5,53.12217875,0.673621622,,,,,,,5.689,5.201,0.488,3.503506056,35.448159,32.407431,0.035448159,0.032407431,19.16116559,17.51752896,SB3.22